architect,image_type,building_name,file_title,file_url,local_file_path
Frank Lloyd Wright,interior,Interior of Frank Lloyd Wright's Pope-Leighy house,File:Interior of Frank Lloyd Wright's Pope-Leighy house.jpg,https://upload.wikimedia.org/wikipedia/commons/0/02/Interior_of_Frank_Lloyd_Wright%27s_Pope-Leighy_house.jpg,Data/Frank_Lloyd_Wright/interior/Interior_of_Frank_Lloyd_Wright's_Pope-Leighy_house.jpg
Frank Lloyd Wright,interior,Interior - Living Area - Frank Lloyd Wright Chair,File:Interior - Living Area - Frank Lloyd Wright Chair.jpg,https://upload.wikimedia.org/wikipedia/commons/6/60/Interior_-_Living_Area_-_Frank_Lloyd_Wright_Chair.jpg,Data/Frank_Lloyd_Wright/interior/Interior_-_Living_Area_-_Frank_Lloyd_Wright_Chair.jpg
Frank Lloyd Wright,interior,"Frank Lloyd Wright - V.C. Morris Gift Shop, SF - 12","File:Frank Lloyd Wright - V.C. Morris Gift Shop, SF - 12.jpg",https://upload.wikimedia.org/wikipedia/commons/9/99/Frank_Lloyd_Wright_-_V.C._Morris_Gift_Shop%2C_SF_-_12.jpg,"Data/Frank_Lloyd_Wright/interior/Frank_Lloyd_Wright_-_V.C._Morris_Gift_Shop,_SF_-_12.jpg"
Frank Lloyd Wright,interior,Frank Lloyd Wright Home Studio,File:Frank Lloyd Wright Home Studio.jpg,https://upload.wikimedia.org/wikipedia/commons/6/6e/Frank_Lloyd_Wright_Home_Studio.jpg,Data/Frank_Lloyd_Wright/interior/Frank_Lloyd_Wright_Home_Studio.jpg
Frank Lloyd Wright,interior,"Frank Lloyd Wright Studio- Playroom, interior- playroom, Oak Park, IL mhsdalad 250099","File:Frank Lloyd Wright Studio- Playroom, interior- playroom, Oak Park, IL mhsdalad 250099.jpg",https://upload.wikimedia.org/wikipedia/commons/8/8d/Frank_Lloyd_Wright_Studio-_Playroom%2C_interior-_playroom%2C_Oak_Park%2C_IL_mhsdalad_250099.jpg,"Data/Frank_Lloyd_Wright/interior/Frank_Lloyd_Wright_Studio-_Playroom,_interior-_playroom,_Oak_Park,_IL_mhsdalad_250099.jpg"
Frank Lloyd Wright,exterior,"Frank Lloyd Wright Home and Studio, Oak Park (6895278396)","File:Frank Lloyd Wright Home and Studio, Oak Park (6895278396).jpg",https://upload.wikimedia.org/wikipedia/commons/c/c0/Frank_Lloyd_Wright_Home_and_Studio%2C_Oak_Park_%286895278396%29.jpg,"Data/Frank_Lloyd_Wright/exterior/Frank_Lloyd_Wright_Home_and_Studio,_Oak_Park_(6895278396).jpg"
Frank Lloyd Wright,exterior,Robie House designed by Frank Lloyd Wright 1909,File:Robie House designed by Frank Lloyd Wright 1909.jpg,https://upload.wikimedia.org/wikipedia/commons/f/f2/Robie_House_designed_by_Frank_Lloyd_Wright_1909.jpg,Data/Frank_Lloyd_Wright/exterior/Robie_House_designed_by_Frank_Lloyd_Wright_1909.jpg
Frank Lloyd Wright,exterior,"Frank Lloyd Wright - V.C. Morris Gift Shop, SF - 1","File:Frank Lloyd Wright - V.C. Morris Gift Shop, SF - 1.jpg",https://upload.wikimedia.org/wikipedia/commons/8/8e/Frank_Lloyd_Wright_-_V.C._Morris_Gift_Shop%2C_SF_-_1.jpg,"Data/Frank_Lloyd_Wright/exterior/Frank_Lloyd_Wright_-_V.C._Morris_Gift_Shop,_SF_-_1.jpg"
Frank Lloyd Wright,exterior,Frank Lloyd Wright's Wingspread,File:Frank Lloyd Wright's Wingspread.jpg,https://upload.wikimedia.org/wikipedia/commons/6/69/Frank_Lloyd_Wright%27s_Wingspread.jpg,Data/Frank_Lloyd_Wright/exterior/Frank_Lloyd_Wright's_Wingspread.jpg
Frank Lloyd Wright,exterior,Fallingwater - by Frank Lloyd Wright,File:Fallingwater - by Frank Lloyd Wright.jpg,https://upload.wikimedia.org/wikipedia/commons/d/d9/Fallingwater_-_by_Frank_Lloyd_Wright.jpg,Data/Frank_Lloyd_Wright/exterior/Fallingwater_-_by_Frank_Lloyd_Wright.jpg
Le Corbusier,interior,Chandigarh - Le Corbusier - museum - interior clerestorey light,File:Chandigarh - Le Corbusier - museum - interior clerestorey light.jpg,https://upload.wikimedia.org/wikipedia/commons/3/37/Chandigarh_-_Le_Corbusier_-_museum_-_interior_clerestorey_light.jpg,Data/Le_Corbusier/interior/Chandigarh_-_Le_Corbusier_-_museum_-_interior_clerestorey_light.jpg
Le Corbusier,interior,Chandigarh Capitol Complex - Le Corbusier - Highcourt - interior tapestry,File:Chandigarh Capitol Complex - Le Corbusier - Highcourt - interior tapestry.jpg,https://upload.wikimedia.org/wikipedia/commons/4/46/Chandigarh_Capitol_Complex_-_Le_Corbusier_-_Highcourt_-_interior_tapestry.jpg,Data/Le_Corbusier/interior/Chandigarh_Capitol_Complex_-_Le_Corbusier_-_Highcourt_-_interior_tapestry.jpg
Le Corbusier,interior,Centre Le Corbusier - Innenansicht 2011-07-12 17-53-22 ShiftN,File:Centre Le Corbusier - Innenansicht 2011-07-12 17-53-22 ShiftN.jpg,https://upload.wikimedia.org/wikipedia/commons/5/54/Centre_Le_Corbusier_-_Innenansicht_2011-07-12_17-53-22_ShiftN.jpg,Data/Le_Corbusier/interior/Centre_Le_Corbusier_-_Innenansicht_2011-07-12_17-53-22_ShiftN.jpg
Le Corbusier,interior,Chandigarh Capitol Complex - Le Corbusier - Highcourt - interior,File:Chandigarh Capitol Complex - Le Corbusier - Highcourt - interior.jpg,https://upload.wikimedia.org/wikipedia/commons/1/12/Chandigarh_Capitol_Complex_-_Le_Corbusier_-_Highcourt_-_interior.jpg,Data/Le_Corbusier/interior/Chandigarh_Capitol_Complex_-_Le_Corbusier_-_Highcourt_-_interior.jpg
Le Corbusier,interior,Gira y gira,File:Gira y gira.jpg,https://upload.wikimedia.org/wikipedia/commons/6/63/Gira_y_gira.jpg,Data/Le_Corbusier/interior/Gira_y_gira.jpg
Le Corbusier,exterior,"Bundesarchiv B 145 Bild-F005758-0008A, Frankfurt-Main, Bahnhof","File:Bundesarchiv B 145 Bild-F005758-0008A, Frankfurt-Main, Bahnhof.jpg",https://upload.wikimedia.org/wikipedia/commons/6/6c/Bundesarchiv_B_145_Bild-F005758-0008A%2C_Frankfurt-Main%2C_Bahnhof.jpg,"Data/Le_Corbusier/exterior/Bundesarchiv_B_145_Bild-F005758-0008A,_Frankfurt-Main,_Bahnhof.jpg"
Le Corbusier,exterior,"Frank Lloyd Wright's Fontana Boathouse, Buffalo, New York - 20210512","File:Frank Lloyd Wright's Fontana Boathouse, Buffalo, New York - 20210512.jpg",https://upload.wikimedia.org/wikipedia/commons/8/85/Frank_Lloyd_Wright%27s_Fontana_Boathouse%2C_Buffalo%2C_New_York_-_20210512.jpg,"Data/Le_Corbusier/exterior/Frank_Lloyd_Wright's_Fontana_Boathouse,_Buffalo,_New_York_-_20210512.jpg"
Ludwig Mies van der Rohe,interior,"Kluczynski Federal Building, Chicago Loop, Chicago, Illinois (11004376673)","File:Kluczynski Federal Building, Chicago Loop, Chicago, Illinois (11004376673).jpg",https://upload.wikimedia.org/wikipedia/commons/b/b4/Kluczynski_Federal_Building%2C_Chicago_Loop%2C_Chicago%2C_Illinois_%2811004376673%29.jpg,"Data/Ludwig_Mies_van_der_Rohe/interior/Kluczynski_Federal_Building,_Chicago_Loop,_Chicago,_Illinois_(11004376673).jpg"
Ludwig Mies van der Rohe,interior,"Kluczynski Federal Building, Chicago Loop, Chicago, Illinois (9179342135)","File:Kluczynski Federal Building, Chicago Loop, Chicago, Illinois (9179342135).jpg",https://upload.wikimedia.org/wikipedia/commons/f/fd/Kluczynski_Federal_Building%2C_Chicago_Loop%2C_Chicago%2C_Illinois_%289179342135%29.jpg,"Data/Ludwig_Mies_van_der_Rohe/interior/Kluczynski_Federal_Building,_Chicago_Loop,_Chicago,_Illinois_(9179342135).jpg"
Ludwig Mies van der Rohe,interior,Farnsworth House Interior,File:Farnsworth House Interior.jpg,https://upload.wikimedia.org/wikipedia/commons/6/62/Farnsworth_House_Interior.jpg,Data/Ludwig_Mies_van_der_Rohe/interior/Farnsworth_House_Interior.jpg
Ludwig Mies van der Rohe,interior,"McCormick Place Lakeside Center East Building, Lake Shore Drive, Near South Side, Chicago, IL (54216633364)","File:McCormick Place Lakeside Center East Building, Lake Shore Drive, Near South Side, Chicago, IL (54216633364).jpg",https://upload.wikimedia.org/wikipedia/commons/8/8b/McCormick_Place_Lakeside_Center_East_Building%2C_Lake_Shore_Drive%2C_Near_South_Side%2C_Chicago%2C_IL_%2854216633364%29.jpg,"Data/Ludwig_Mies_van_der_Rohe/interior/McCormick_Place_Lakeside_Center_East_Building,_Lake_Shore_Drive,_Near_South_Side,_Chicago,_IL_(54216633364).jpg"
Ludwig Mies van der Rohe,interior,"McCormick Place Lakeside Center East Building, Lake Shore Drive, Near South Side, Chicago, IL (54216619743)","File:McCormick Place Lakeside Center East Building, Lake Shore Drive, Near South Side, Chicago, IL (54216619743).jpg",https://upload.wikimedia.org/wikipedia/commons/d/d6/McCormick_Place_Lakeside_Center_East_Building%2C_Lake_Shore_Drive%2C_Near_South_Side%2C_Chicago%2C_IL_%2854216619743%29.jpg,"Data/Ludwig_Mies_van_der_Rohe/interior/McCormick_Place_Lakeside_Center_East_Building,_Lake_Shore_Drive,_Near_South_Side,_Chicago,_IL_(54216619743).jpg"
Ludwig Mies van der Rohe,exterior,Mies van der Rohe photo Farnsworth House Plano USA 3,File:Mies van der Rohe photo Farnsworth House Plano USA 3.jpg,https://upload.wikimedia.org/wikipedia/commons/5/53/Mies_van_der_Rohe_photo_Farnsworth_House_Plano_USA_3.jpg,Data/Ludwig_Mies_van_der_Rohe/exterior/Mies_van_der_Rohe_photo_Farnsworth_House_Plano_USA_3.jpg
Ludwig Mies van der Rohe,exterior,Mies van der Rohe photo Farnsworth House Plano USA 7,File:Mies van der Rohe photo Farnsworth House Plano USA 7.jpg,https://upload.wikimedia.org/wikipedia/commons/2/2c/Mies_van_der_Rohe_photo_Farnsworth_House_Plano_USA_7.jpg,Data/Ludwig_Mies_van_der_Rohe/exterior/Mies_van_der_Rohe_photo_Farnsworth_House_Plano_USA_7.jpg
Ludwig Mies van der Rohe,exterior,Mies van der Rohe photo Farnsworth House Plano USA 5,File:Mies van der Rohe photo Farnsworth House Plano USA 5.jpg,https://upload.wikimedia.org/wikipedia/commons/b/b0/Mies_van_der_Rohe_photo_Farnsworth_House_Plano_USA_5.jpg,Data/Ludwig_Mies_van_der_Rohe/exterior/Mies_van_der_Rohe_photo_Farnsworth_House_Plano_USA_5.jpg
Ludwig Mies van der Rohe,exterior,Mies van der Rohe photo Farnsworth House Plano USA 6,File:Mies van der Rohe photo Farnsworth House Plano USA 6.jpg,https://upload.wikimedia.org/wikipedia/commons/b/b0/Mies_van_der_Rohe_photo_Farnsworth_House_Plano_USA_6.jpg,Data/Ludwig_Mies_van_der_Rohe/exterior/Mies_van_der_Rohe_photo_Farnsworth_House_Plano_USA_6.jpg
Ludwig Mies van der Rohe,exterior,Mies van der Rohe photo Farnsworth House Plano USA 4,File:Mies van der Rohe photo Farnsworth House Plano USA 4.jpg,https://upload.wikimedia.org/wikipedia/commons/0/09/Mies_van_der_Rohe_photo_Farnsworth_House_Plano_USA_4.jpg,Data/Ludwig_Mies_van_der_Rohe/exterior/Mies_van_der_Rohe_photo_Farnsworth_House_Plano_USA_4.jpg
Walter Gropius,interior,"Aluminum City Terrace, Gropius, HAER PA,65-NEKEN,3-2","File:Aluminum City Terrace, Gropius, HAER PA,65-NEKEN,3-2.jpg",https://upload.wikimedia.org/wikipedia/commons/7/70/Aluminum_City_Terrace%2C_Gropius%2C_HAER_PA%2C65-NEKEN%2C3-2.jpg,"Data/Walter_Gropius/interior/Aluminum_City_Terrace,_Gropius,_HAER_PA,65-NEKEN,3-2.jpg"
Walter Gropius,interior,"Gropius house STAIR FROM WEST, HABS MASS,9-LIN,16-28","File:Gropius house STAIR FROM WEST, HABS MASS,9-LIN,16-28.jpg",https://upload.wikimedia.org/wikipedia/commons/7/73/Gropius_house_STAIR_FROM_WEST%2C_HABS_MASS%2C9-LIN%2C16-28.jpg,"Data/Walter_Gropius/interior/Gropius_house_STAIR_FROM_WEST,_HABS_MASS,9-LIN,16-28.jpg"
Walter Gropius,exterior,Martin Gropius Bau 01,File:Martin Gropius Bau 01.jpg,https://upload.wikimedia.org/wikipedia/commons/0/05/Martin_Gropius_Bau_01.jpg,Data/Walter_Gropius/exterior/Martin_Gropius_Bau_01.jpg
Walter Gropius,exterior,Walter Gropius Bau 02,File:Walter Gropius Bau 02.JPG,https://upload.wikimedia.org/wikipedia/commons/c/ce/Walter_Gropius_Bau_02.JPG,Data/Walter_Gropius/exterior/Walter_Gropius_Bau_02.JPG
Walter Gropius,exterior,Martin-Gropius Bau - geo.hlipp.de - 1819,File:Martin-Gropius Bau - geo.hlipp.de - 1819.jpg,https://upload.wikimedia.org/wikipedia/commons/d/d6/Martin-Gropius_Bau_-_geo.hlipp.de_-_1819.jpg,Data/Walter_Gropius/exterior/Martin-Gropius_Bau_-_geo.hlipp.de_-_1819.jpg
Walter Gropius,exterior,Gropius Bau Berlin 1,File:Gropius Bau Berlin 1.jpg,https://upload.wikimedia.org/wikipedia/commons/f/f6/Gropius_Bau_Berlin_1.jpg,Data/Walter_Gropius/exterior/Gropius_Bau_Berlin_1.jpg
Walter Gropius,exterior,Gropius Bau Berlin 3,File:Gropius Bau Berlin 3.jpg,https://upload.wikimedia.org/wikipedia/commons/0/00/Gropius_Bau_Berlin_3.jpg,Data/Walter_Gropius/exterior/Gropius_Bau_Berlin_3.jpg
Zaha Hadid,interior,Silken Puerta America Madrid,File:Silken Puerta America Madrid.jpg,https://upload.wikimedia.org/wikipedia/commons/d/d4/Silken_Puerta_America_Madrid.jpg,Data/Zaha_Hadid/interior/Silken_Puerta_America_Madrid.jpg
Zaha Hadid,interior,Library & Learning Center of the Vienna University of Economics and Business,File:Library & Learning Center of the Vienna University of Economics and Business.jpg,https://upload.wikimedia.org/wikipedia/commons/c/c2/Library_%26_Learning_Center_of_the_Vienna_University_of_Economics_and_Business.jpg,Data/Zaha_Hadid/interior/Library_&_Learning_Center_of_the_Vienna_University_of_Economics_and_Business.jpg
Zaha Hadid,interior,One Thousand Museum (50741507697),File:One Thousand Museum (50741507697).jpg,https://upload.wikimedia.org/wikipedia/commons/e/e1/One_Thousand_Museum_%2850741507697%29.jpg,Data/Zaha_Hadid/interior/One_Thousand_Museum_(50741507697).jpg
Zaha Hadid,exterior,Vitra Feuerwehrhaus von Zaha Hadid in Weil am Rhein,File:Vitra Feuerwehrhaus von Zaha Hadid in Weil am Rhein.jpg,https://upload.wikimedia.org/wikipedia/commons/e/e4/Vitra_Feuerwehrhaus_von_Zaha_Hadid_in_Weil_am_Rhein.jpg,Data/Zaha_Hadid/exterior/Vitra_Feuerwehrhaus_von_Zaha_Hadid_in_Weil_am_Rhein.jpg
Zaha Hadid,exterior,Vitra Feuerwehrhaus von Zaha Hadid in Weil am Rhein 3,File:Vitra Feuerwehrhaus von Zaha Hadid in Weil am Rhein 3.jpg,https://upload.wikimedia.org/wikipedia/commons/8/89/Vitra_Feuerwehrhaus_von_Zaha_Hadid_in_Weil_am_Rhein_3.jpg,Data/Zaha_Hadid/exterior/Vitra_Feuerwehrhaus_von_Zaha_Hadid_in_Weil_am_Rhein_3.jpg
Zaha Hadid,exterior,Vitra Feuerwehrhaus von Zaha Hadid in Weil am Rhein 8,File:Vitra Feuerwehrhaus von Zaha Hadid in Weil am Rhein 8.jpg,https://upload.wikimedia.org/wikipedia/commons/a/a2/Vitra_Feuerwehrhaus_von_Zaha_Hadid_in_Weil_am_Rhein_8.jpg,Data/Zaha_Hadid/exterior/Vitra_Feuerwehrhaus_von_Zaha_Hadid_in_Weil_am_Rhein_8.jpg
Zaha Hadid,exterior,"Feuerwehrhaus von Zaha Hadid bei Vitra in Weil am Rhein, rechts Fabrikgebäude von Álvaro Siza","File:Feuerwehrhaus von Zaha Hadid bei Vitra in Weil am Rhein, rechts Fabrikgebäude von Álvaro Siza.jpg",https://upload.wikimedia.org/wikipedia/commons/8/8f/Feuerwehrhaus_von_Zaha_Hadid_bei_Vitra_in_Weil_am_Rhein%2C_rechts_Fabrikgeb%C3%A4ude_von_%C3%81lvaro_Siza.jpg,"Data/Zaha_Hadid/exterior/Feuerwehrhaus_von_Zaha_Hadid_bei_Vitra_in_Weil_am_Rhein,_rechts_Fabrikgebäude_von_Álvaro_Siza.jpg"
Zaha Hadid,exterior,Álvaro-Siza-Promenade mit Feuerwehrhaus von Zaha Hadid bei Vitra in Weil am Rhein,File:Álvaro-Siza-Promenade mit Feuerwehrhaus von Zaha Hadid bei Vitra in Weil am Rhein.jpg,https://upload.wikimedia.org/wikipedia/commons/c/c1/%C3%81lvaro-Siza-Promenade_mit_Feuerwehrhaus_von_Zaha_Hadid_bei_Vitra_in_Weil_am_Rhein.jpg,Data/Zaha_Hadid/exterior/Álvaro-Siza-Promenade_mit_Feuerwehrhaus_von_Zaha_Hadid_bei_Vitra_in_Weil_am_Rhein.jpg
Renzo Piano,interior,Wandering around the High,File:Wandering around the High.jpg,https://upload.wikimedia.org/wikipedia/commons/0/03/Wandering_around_the_High.jpg,Data/Renzo_Piano/interior/Wandering_around_the_High.jpg
Renzo Piano,interior,Lescalier du museum-aquarium (Nancy) (7915660806),File:Lescalier du museum-aquarium (Nancy) (7915660806).jpg,https://upload.wikimedia.org/wikipedia/commons/0/08/Lescalier_du_museum-aquarium_%28Nancy%29_%287915660806%29.jpg,Data/Renzo_Piano/interior/Lescalier_du_museum-aquarium_(Nancy)_(7915660806).jpg
Renzo Piano,interior,Lescalier dentrée de la bibliothèque universitaire (Nancy) (7913844306),File:Lescalier dentrée de la bibliothèque universitaire (Nancy) (7913844306).jpg,https://upload.wikimedia.org/wikipedia/commons/c/c3/Lescalier_dentr%C3%A9e_de_la_biblioth%C3%A8que_universitaire_%28Nancy%29_%287913844306%29.jpg,Data/Renzo_Piano/interior/Lescalier_dentrée_de_la_bibliothèque_universitaire_(Nancy)_(7913844306).jpg
Renzo Piano,interior,"L'espace d'étude pour les visiteurs du Centre Paul Klee (Berne, Suisse) (29749753068)","File:L'espace d'étude pour les visiteurs du Centre Paul Klee (Berne, Suisse) (29749753068).jpg",https://upload.wikimedia.org/wikipedia/commons/3/36/L%27espace_d%27%C3%A9tude_pour_les_visiteurs_du_Centre_Paul_Klee_%28Berne%2C_Suisse%29_%2829749753068%29.jpg,"Data/Renzo_Piano/interior/L'espace_d'étude_pour_les_visiteurs_du_Centre_Paul_Klee_(Berne,_Suisse)_(29749753068).jpg"
Renzo Piano,interior,"La rue intérieure du Centre Paul Klee (Berne, Suisse) (43561089452)","File:La rue intérieure du Centre Paul Klee (Berne, Suisse) (43561089452).jpg",https://upload.wikimedia.org/wikipedia/commons/8/8d/La_rue_int%C3%A9rieure_du_Centre_Paul_Klee_%28Berne%2C_Suisse%29_%2843561089452%29.jpg,"Data/Renzo_Piano/interior/La_rue_intérieure_du_Centre_Paul_Klee_(Berne,_Suisse)_(43561089452).jpg"
Renzo Piano,exterior,"Exterior view of the illuminated facade of Maison Hermès, Ginza, Tokyo, Japan","File:Exterior view of the illuminated facade of Maison Hermès, Ginza, Tokyo, Japan.jpg",https://upload.wikimedia.org/wikipedia/commons/e/e5/Exterior_view_of_the_illuminated_facade_of_Maison_Herm%C3%A8s%2C_Ginza%2C_Tokyo%2C_Japan.jpg,"Data/Renzo_Piano/exterior/Exterior_view_of_the_illuminated_facade_of_Maison_Hermès,_Ginza,_Tokyo,_Japan.jpg"
Renzo Piano,exterior,Midtown Excursion 020,File:Midtown Excursion 020.jpg,https://upload.wikimedia.org/wikipedia/commons/9/9e/Midtown_Excursion_020.jpg,Data/Renzo_Piano/exterior/Midtown_Excursion_020.jpg
Renzo Piano,exterior,"Exterior view of the illuminated facade of Maison Hermès made of glass blocks, Ginza, Tokyo, Japan","File:Exterior view of the illuminated facade of Maison Hermès made of glass blocks, Ginza, Tokyo, Japan.jpg",https://upload.wikimedia.org/wikipedia/commons/2/26/Exterior_view_of_the_illuminated_facade_of_Maison_Herm%C3%A8s_made_of_glass_blocks%2C_Ginza%2C_Tokyo%2C_Japan.jpg,"Data/Renzo_Piano/exterior/Exterior_view_of_the_illuminated_facade_of_Maison_Hermès_made_of_glass_blocks,_Ginza,_Tokyo,_Japan.jpg"
Renzo Piano,exterior,Central Saint Giles Office Building - Holborn,File:Central Saint Giles Office Building - Holborn.jpg,https://upload.wikimedia.org/wikipedia/commons/6/6e/Central_Saint_Giles_Office_Building_-_Holborn.jpg,Data/Renzo_Piano/exterior/Central_Saint_Giles_Office_Building_-_Holborn.jpg
Renzo Piano,exterior,Central Saint Giles Office Building - Holborn - 20446799903,File:Central Saint Giles Office Building - Holborn - 20446799903.jpg,https://upload.wikimedia.org/wikipedia/commons/b/b1/Central_Saint_Giles_Office_Building_-_Holborn_-_20446799903.jpg,Data/Renzo_Piano/exterior/Central_Saint_Giles_Office_Building_-_Holborn_-_20446799903.jpg
I.M. Pei,interior,Interior-of-miho-museum,File:Interior-of-miho-museum.jpg,https://upload.wikimedia.org/wikipedia/commons/c/cd/Interior-of-miho-museum.jpg,Data/I.M._Pei/interior/Interior-of-miho-museum.jpg
I.M. Pei,exterior,Im pei hong kong,File:Im pei hong kong.jpg,https://upload.wikimedia.org/wikipedia/commons/1/19/Im_pei_hong_kong.jpg,Data/I.M._Pei/exterior/Im_pei_hong_kong.jpg
I.M. Pei,exterior,"Paris, Louvre, Hommes illustres (Gabriel, Pautre) -- 2014 -- 1533","File:Paris, Louvre, Hommes illustres (Gabriel, Pautre) -- 2014 -- 1533.jpg",https://upload.wikimedia.org/wikipedia/commons/4/46/Paris%2C_Louvre%2C_Hommes_illustres_%28Gabriel%2C_Pautre%29_--_2014_--_1533.jpg,"Data/I.M._Pei/exterior/Paris,_Louvre,_Hommes_illustres_(Gabriel,_Pautre)_--_2014_--_1533.jpg"
I.M. Pei,exterior,"Paris, Louvre, Hommes illustres (Cassini) -- 2014 -- 1565","File:Paris, Louvre, Hommes illustres (Cassini) -- 2014 -- 1565.jpg",https://upload.wikimedia.org/wikipedia/commons/f/fe/Paris%2C_Louvre%2C_Hommes_illustres_%28Cassini%29_--_2014_--_1565.jpg,"Data/I.M._Pei/exterior/Paris,_Louvre,_Hommes_illustres_(Cassini)_--_2014_--_1565.jpg"
I.M. Pei,exterior,"Paris, Louvre, Hommes illustres (Descartes) -- 2014 -- 1563","File:Paris, Louvre, Hommes illustres (Descartes) -- 2014 -- 1563.jpg",https://upload.wikimedia.org/wikipedia/commons/f/fc/Paris%2C_Louvre%2C_Hommes_illustres_%28Descartes%29_--_2014_--_1563.jpg,"Data/I.M._Pei/exterior/Paris,_Louvre,_Hommes_illustres_(Descartes)_--_2014_--_1563.jpg"
I.M. Pei,exterior,"Paris, Louvre, Hommes illustres (Clodion, Pilon) -- 2014 -- 1534","File:Paris, Louvre, Hommes illustres (Clodion, Pilon) -- 2014 -- 1534.jpg",https://upload.wikimedia.org/wikipedia/commons/0/0f/Paris%2C_Louvre%2C_Hommes_illustres_%28Clodion%2C_Pilon%29_--_2014_--_1534.jpg,"Data/I.M._Pei/exterior/Paris,_Louvre,_Hommes_illustres_(Clodion,_Pilon)_--_2014_--_1534.jpg"
Frank Gehry,interior,Interior of MIT's Stata Center,File:Interior of MIT's Stata Center.jpg,https://upload.wikimedia.org/wikipedia/commons/9/92/Interior_of_MIT%27s_Stata_Center.jpg,Data/Frank_Gehry/interior/Interior_of_MIT's_Stata_Center.jpg
Frank Gehry,interior,DZ Bank building in Berlin + interior,File:DZ Bank building in Berlin + interior.jpg,https://upload.wikimedia.org/wikipedia/commons/d/db/DZ_Bank_building_in_Berlin_%2B_interior.jpg,Data/Frank_Gehry/interior/DZ_Bank_building_in_Berlin_+_interior.jpg
Frank Gehry,interior,"Le Ponant, Sena, Puente Garigliano","File:Le Ponant, Sena, Puente Garigliano.jpg",https://upload.wikimedia.org/wikipedia/commons/a/ab/Le_Ponant%2C_Sena%2C_Puente_Garigliano.jpg,"Data/Frank_Gehry/interior/Le_Ponant,_Sena,_Puente_Garigliano.jpg"
Frank Gehry,interior,Mit Libraries Information Intersection (2223700357),File:Mit Libraries Information Intersection (2223700357).jpg,https://upload.wikimedia.org/wikipedia/commons/2/2b/Mit_Libraries_Information_Intersection_%282223700357%29.jpg,Data/Frank_Gehry/interior/Mit_Libraries_Information_Intersection_(2223700357).jpg
Frank Gehry,interior,"Stata Center, MIT, Cambridge, MA - night","File:Stata Center, MIT, Cambridge, MA - night.JPG",https://upload.wikimedia.org/wikipedia/commons/0/06/Stata_Center%2C_MIT%2C_Cambridge%2C_MA_-_night.JPG,"Data/Frank_Gehry/interior/Stata_Center,_MIT,_Cambridge,_MA_-_night.JPG"
Frank Gehry,exterior,New York By Gehry Building,File:New York By Gehry Building.jpg,https://upload.wikimedia.org/wikipedia/commons/0/00/New_York_By_Gehry_Building.jpg,Data/Frank_Gehry/exterior/New_York_By_Gehry_Building.jpg
Frank Gehry,exterior,Stata Center (05689p)2,File:Stata Center (05689p)2.jpg,https://upload.wikimedia.org/wikipedia/commons/b/b8/Stata_Center_%2805689p%292.jpg,Data/Frank_Gehry/exterior/Stata_Center_(05689p)2.jpg
Frank Gehry,exterior,Anaheimice,File:Anaheimice.jpg,https://upload.wikimedia.org/wikipedia/commons/b/b4/Anaheimice.jpg,Data/Frank_Gehry/exterior/Anaheimice.jpg
Frank Gehry,exterior,Guggenheim Bilbao. Exterior,File:Guggenheim Bilbao. Exterior.jpg,https://upload.wikimedia.org/wikipedia/commons/e/e8/Guggenheim_Bilbao._Exterior.jpg,Data/Frank_Gehry/exterior/Guggenheim_Bilbao._Exterior.jpg
Frank Gehry,exterior,Clark County Government Center aerial view,File:Clark County Government Center aerial view.png,https://upload.wikimedia.org/wikipedia/commons/e/eb/Clark_County_Government_Center_aerial_view.png,Data/Frank_Gehry/exterior/Clark_County_Government_Center_aerial_view.png
Norman Foster,interior,"Jefatura de Gobierno de Buenos Aires, Norman Foster 16","File:Jefatura de Gobierno de Buenos Aires, Norman Foster 16.jpg",https://upload.wikimedia.org/wikipedia/commons/1/18/Jefatura_de_Gobierno_de_Buenos_Aires%2C_Norman_Foster_16.jpg,"Data/Norman_Foster/interior/Jefatura_de_Gobierno_de_Buenos_Aires,_Norman_Foster_16.jpg"
Norman Foster,interior,190930 Plenarsaal mit Bundesadler und Kuppel,File:190930 Plenarsaal mit Bundesadler und Kuppel.jpg,https://upload.wikimedia.org/wikipedia/commons/6/6d/190930_Plenarsaal_mit_Bundesadler_und_Kuppel.jpg,Data/Norman_Foster/interior/190930_Plenarsaal_mit_Bundesadler_und_Kuppel.jpg
Norman Foster,interior,Uoft pharmacy building-01,File:Uoft pharmacy building-01.jpg,https://upload.wikimedia.org/wikipedia/commons/e/ec/Uoft_pharmacy_building-01.jpg,Data/Norman_Foster/interior/Uoft_pharmacy_building-01.jpg
Norman Foster,interior,"Crescent Wing, Sainsbury Centre for Visual Arts, Interior - geograph.org.uk - 1035728","File:Crescent Wing, Sainsbury Centre for Visual Arts, Interior - geograph.org.uk - 1035728.jpg",https://upload.wikimedia.org/wikipedia/commons/d/d5/Crescent_Wing%2C_Sainsbury_Centre_for_Visual_Arts%2C_Interior_-_geograph.org.uk_-_1035728.jpg,"Data/Norman_Foster/interior/Crescent_Wing,_Sainsbury_Centre_for_Visual_Arts,_Interior_-_geograph.org.uk_-_1035728.jpg"
Norman Foster,interior,Uoft pharmacy,File:Uoft pharmacy.jpg,https://upload.wikimedia.org/wikipedia/commons/5/59/Uoft_pharmacy.jpg,Data/Norman_Foster/interior/Uoft_pharmacy.jpg
Norman Foster,exterior,Foster - Willis Faber and Dumas Headquarters Ipswich,File:Foster - Willis Faber and Dumas Headquarters Ipswich.jpg,https://upload.wikimedia.org/wikipedia/commons/7/7d/Foster_-_Willis_Faber_and_Dumas_Headquarters_Ipswich.jpg,Data/Norman_Foster/exterior/Foster_-_Willis_Faber_and_Dumas_Headquarters_Ipswich.jpg
Norman Foster,exterior,Lascar Detail of the tympanum and columns - The Reichstag building (4471647061),File:Lascar Detail of the tympanum and columns - The Reichstag building (4471647061).jpg,https://upload.wikimedia.org/wikipedia/commons/d/d1/Lascar_Detail_of_the_tympanum_and_columns_-_The_Reichstag_building_%284471647061%29.jpg,Data/Norman_Foster/exterior/Lascar_Detail_of_the_tympanum_and_columns_-_The_Reichstag_building_(4471647061).jpg
Norman Foster,exterior,HSBC Hong Kong Headquarters,File:HSBC Hong Kong Headquarters.jpg,https://upload.wikimedia.org/wikipedia/commons/a/a5/HSBC_Hong_Kong_Headquarters.jpg,Data/Norman_Foster/exterior/HSBC_Hong_Kong_Headquarters.jpg
Norman Foster,exterior,Gable Of The Reichtagsgebäude (196814757),File:Gable Of The Reichtagsgebäude (196814757).jpeg,https://upload.wikimedia.org/wikipedia/commons/2/23/Gable_Of_The_Reichtagsgeb%C3%A4ude_%28196814757%29.jpeg,Data/Norman_Foster/exterior/Gable_Of_The_Reichtagsgebäude_(196814757).jpeg
Norman Foster,exterior,Glaskuppel des Reichstagsgebäude Deutscher Bundestag Berlin,File:Glaskuppel des Reichstagsgebäude Deutscher Bundestag Berlin.JPG,https://upload.wikimedia.org/wikipedia/commons/2/29/Glaskuppel_des_Reichstagsgeb%C3%A4ude_Deutscher_Bundestag_Berlin.JPG,Data/Norman_Foster/exterior/Glaskuppel_des_Reichstagsgebäude_Deutscher_Bundestag_Berlin.JPG
Rem Koolhaas,interior,Casa-da-musica(interior).1024,File:Casa-da-musica(interior).1024.jpg,https://upload.wikimedia.org/wikipedia/commons/d/db/Casa-da-musica%28interior%29.1024.jpg,Data/Rem_Koolhaas/interior/Casa-da-musica(interior).1024.jpg
Rem Koolhaas,interior,Shadow play (10126845145),File:Shadow play (10126845145).jpg,https://upload.wikimedia.org/wikipedia/commons/a/a4/Shadow_play_%2810126845145%29.jpg,Data/Rem_Koolhaas/interior/Shadow_play_(10126845145).jpg
Rem Koolhaas,interior,"Men's reading room in the Seattle Public Library, ca 1918 (MOHAI 6264)","File:Men's reading room in the Seattle Public Library, ca 1918 (MOHAI 6264).jpg",https://upload.wikimedia.org/wikipedia/commons/d/d5/Men%27s_reading_room_in_the_Seattle_Public_Library%2C_ca_1918_%28MOHAI_6264%29.jpg,"Data/Rem_Koolhaas/interior/Men's_reading_room_in_the_Seattle_Public_Library,_ca_1918_(MOHAI_6264).jpg"
Rem Koolhaas,interior,EducatoriumInterieur,File:EducatoriumInterieur.jpg,https://upload.wikimedia.org/wikipedia/commons/4/4a/EducatoriumInterieur.jpg,Data/Rem_Koolhaas/interior/EducatoriumInterieur.jpg
Rem Koolhaas,interior,575 Broadway,File:575 Broadway.jpg,https://upload.wikimedia.org/wikipedia/commons/9/91/575_Broadway.jpg,Data/Rem_Koolhaas/interior/575_Broadway.jpg
Rem Koolhaas,exterior,Exterior of the Seattle Central Library,File:Exterior of the Seattle Central Library.jpg,https://upload.wikimedia.org/wikipedia/commons/a/a8/Exterior_of_the_Seattle_Central_Library.jpg,Data/Rem_Koolhaas/exterior/Exterior_of_the_Seattle_Central_Library.jpg
Rem Koolhaas,exterior,Casa-da-musica(exterior).1000,File:Casa-da-musica(exterior).1000.jpg,https://upload.wikimedia.org/wikipedia/commons/6/6f/Casa-da-musica%28exterior%29.1000.jpg,Data/Rem_Koolhaas/exterior/Casa-da-musica(exterior).1000.jpg
Rem Koolhaas,exterior,Seattle Public Library main branch glass facade,File:Seattle Public Library main branch glass facade.jpg,https://upload.wikimedia.org/wikipedia/commons/d/d4/Seattle_Public_Library_main_branch_glass_facade.jpg,Data/Rem_Koolhaas/exterior/Seattle_Public_Library_main_branch_glass_facade.jpg
Rem Koolhaas,exterior,Seattle public library,File:Seattle public library.jpg,https://upload.wikimedia.org/wikipedia/commons/6/61/Seattle_public_library.jpg,Data/Rem_Koolhaas/exterior/Seattle_public_library.jpg
Rem Koolhaas,exterior,"Seattle (WA, USA), Seattle Central Library -- 2022 -- 200930","File:Seattle (WA, USA), Seattle Central Library -- 2022 -- 200930.jpg",https://upload.wikimedia.org/wikipedia/commons/3/34/Seattle_%28WA%2C_USA%29%2C_Seattle_Central_Library_--_2022_--_200930.jpg,"Data/Rem_Koolhaas/exterior/Seattle_(WA,_USA),_Seattle_Central_Library_--_2022_--_200930.jpg"
Oscar Niemeyer,interior,Oscar-niemeyer-chapel-interior,File:Oscar-niemeyer-chapel-interior.jpg,https://upload.wikimedia.org/wikipedia/commons/5/56/Oscar-niemeyer-chapel-interior.jpg,Data/Oscar_Niemeyer/interior/Oscar-niemeyer-chapel-interior.jpg
Oscar Niemeyer,interior,4 oscar niemeyer,File:4 oscar niemeyer.jpg,https://upload.wikimedia.org/wikipedia/commons/4/4d/4_oscar_niemeyer.jpg,Data/Oscar_Niemeyer/interior/4_oscar_niemeyer.jpg
Oscar Niemeyer,interior,Pestana Casino Park Hotel - Funchal Madera - 3,File:Pestana Casino Park Hotel - Funchal Madera - 3.jpg,https://upload.wikimedia.org/wikipedia/commons/b/b1/Pestana_Casino_Park_Hotel_-_Funchal_Madera_-_3.jpg,Data/Oscar_Niemeyer/interior/Pestana_Casino_Park_Hotel_-_Funchal_Madera_-_3.jpg
Oscar Niemeyer,interior,Pestana Casino Park Hotel - Funchal Madera - 1,File:Pestana Casino Park Hotel - Funchal Madera - 1.jpg,https://upload.wikimedia.org/wikipedia/commons/4/45/Pestana_Casino_Park_Hotel_-_Funchal_Madera_-_1.jpg,Data/Oscar_Niemeyer/interior/Pestana_Casino_Park_Hotel_-_Funchal_Madera_-_1.jpg
Oscar Niemeyer,interior,Pestana Casino Park Hotel - Funchal Madera - 2,File:Pestana Casino Park Hotel - Funchal Madera - 2.jpg,https://upload.wikimedia.org/wikipedia/commons/9/9f/Pestana_Casino_Park_Hotel_-_Funchal_Madera_-_2.jpg,Data/Oscar_Niemeyer/interior/Pestana_Casino_Park_Hotel_-_Funchal_Madera_-_2.jpg
Oscar Niemeyer,exterior,Oscar-niemeyer-chapel-exterior,File:Oscar-niemeyer-chapel-exterior.jpg,https://upload.wikimedia.org/wikipedia/commons/c/cd/Oscar-niemeyer-chapel-exterior.jpg,Data/Oscar_Niemeyer/exterior/Oscar-niemeyer-chapel-exterior.jpg
Oscar Niemeyer,exterior,"Museu Oscar Niemeyer, olho 1","File:Museu Oscar Niemeyer, olho 1.jpg",https://upload.wikimedia.org/wikipedia/commons/4/47/Museu_Oscar_Niemeyer%2C_olho_1.jpg,"Data/Oscar_Niemeyer/exterior/Museu_Oscar_Niemeyer,_olho_1.jpg"
Oscar Niemeyer,exterior,Museu Oscar Niemeyer P&B,File:Museu Oscar Niemeyer P&B.jpg,https://upload.wikimedia.org/wikipedia/commons/b/bf/Museu_Oscar_Niemeyer_P%26B.jpg,Data/Oscar_Niemeyer/exterior/Museu_Oscar_Niemeyer_P&B.jpg
Oscar Niemeyer,exterior,Oscar Niemeyer Museum View 1 (224607027),File:Oscar Niemeyer Museum View 1 (224607027).jpeg,https://upload.wikimedia.org/wikipedia/commons/9/9e/Oscar_Niemeyer_Museum_View_1_%28224607027%29.jpeg,Data/Oscar_Niemeyer/exterior/Oscar_Niemeyer_Museum_View_1_(224607027).jpeg
Oscar Niemeyer,exterior,Oscar Niemeyer Museum View 2 (224610179),File:Oscar Niemeyer Museum View 2 (224610179).jpeg,https://upload.wikimedia.org/wikipedia/commons/9/9f/Oscar_Niemeyer_Museum_View_2_%28224610179%29.jpeg,Data/Oscar_Niemeyer/exterior/Oscar_Niemeyer_Museum_View_2_(224610179).jpeg
Tadao Ando,interior,MPavilion 2023-Interior,File:MPavilion 2023-Interior.jpg,https://upload.wikimedia.org/wikipedia/commons/9/92/MPavilion_2023-Interior.jpg,Data/Tadao_Ando/interior/MPavilion_2023-Interior.jpg
Tadao Ando,interior,"Tokyo, Japan (43696647564)","File:Tokyo, Japan (43696647564).jpg",https://upload.wikimedia.org/wikipedia/commons/1/14/Tokyo%2C_Japan_%2843696647564%29.jpg,"Data/Tadao_Ando/interior/Tokyo,_Japan_(43696647564).jpg"
Tadao Ando,interior,"Langen Foundation 3, 2021","File:Langen Foundation 3, 2021.jpg",https://upload.wikimedia.org/wikipedia/commons/3/3d/Langen_Foundation_3%2C_2021.jpg,"Data/Tadao_Ando/interior/Langen_Foundation_3,_2021.jpg"
Tadao Ando,interior,"Neuss (DE), Raketenstation Hombroich, Langen Foundation -- 2014 -- 7404","File:Neuss (DE), Raketenstation Hombroich, Langen Foundation -- 2014 -- 7404.jpg",https://upload.wikimedia.org/wikipedia/commons/0/0b/Neuss_%28DE%29%2C_Raketenstation_Hombroich%2C_Langen_Foundation_--_2014_--_7404.jpg,"Data/Tadao_Ando/interior/Neuss_(DE),_Raketenstation_Hombroich,_Langen_Foundation_--_2014_--_7404.jpg"
Tadao Ando,interior,"Neuss (DE), Raketenstation Hombroich, Langen Foundation -- 2014 -- 7402","File:Neuss (DE), Raketenstation Hombroich, Langen Foundation -- 2014 -- 7402.jpg",https://upload.wikimedia.org/wikipedia/commons/2/27/Neuss_%28DE%29%2C_Raketenstation_Hombroich%2C_Langen_Foundation_--_2014_--_7402.jpg,"Data/Tadao_Ando/interior/Neuss_(DE),_Raketenstation_Hombroich,_Langen_Foundation_--_2014_--_7402.jpg"
Tadao Ando,exterior,MPavilion 2023-Exterior (Side view),File:MPavilion 2023-Exterior (Side view).jpg,https://upload.wikimedia.org/wikipedia/commons/8/87/MPavilion_2023-Exterior_%28Side_view%29.jpg,Data/Tadao_Ando/exterior/MPavilion_2023-Exterior_(Side_view).jpg
Tadao Ando,exterior,MPavilion 2023-Exterior,File:MPavilion 2023-Exterior.jpg,https://upload.wikimedia.org/wikipedia/commons/3/37/MPavilion_2023-Exterior.jpg,Data/Tadao_Ando/exterior/MPavilion_2023-Exterior.jpg
Tadao Ando,exterior,Pabellon de japon expo 92,File:Pabellon de japon expo 92.jpg,https://upload.wikimedia.org/wikipedia/commons/b/b5/Pabellon_de_japon_expo_92.jpg,Data/Tadao_Ando/exterior/Pabellon_de_japon_expo_92.jpg
Tadao Ando,exterior,亞洲大學亞州現代美術館模型,File:亞洲大學亞州現代美術館模型.jpg,https://upload.wikimedia.org/wikipedia/commons/e/ea/%E4%BA%9E%E6%B4%B2%E5%A4%A7%E5%AD%B8%E4%BA%9E%E5%B7%9E%E7%8F%BE%E4%BB%A3%E7%BE%8E%E8%A1%93%E9%A4%A8%E6%A8%A1%E5%9E%8B.jpg,Data/Tadao_Ando/exterior/亞洲大學亞州現代美術館模型.jpg
Herzog & de Meuron,exterior,"Hamburg, Elbphilharmonie -- 2023 -- 6610 (bw)","File:Hamburg, Elbphilharmonie -- 2023 -- 6610 (bw).jpg",https://upload.wikimedia.org/wikipedia/commons/d/db/Hamburg%2C_Elbphilharmonie_--_2023_--_6610_%28bw%29.jpg,"Data/Herzog_&_de_Meuron/exterior/Hamburg,_Elbphilharmonie_--_2023_--_6610_(bw).jpg"
Herzog & de Meuron,exterior,"Hamburg, Elbphilharmonie -- 2023 -- 6606","File:Hamburg, Elbphilharmonie -- 2023 -- 6606.jpg",https://upload.wikimedia.org/wikipedia/commons/8/8f/Hamburg%2C_Elbphilharmonie_--_2023_--_6606.jpg,"Data/Herzog_&_de_Meuron/exterior/Hamburg,_Elbphilharmonie_--_2023_--_6606.jpg"
Herzog & de Meuron,exterior,"Hamburg, Elbphilharmonie -- 2023 -- 6602","File:Hamburg, Elbphilharmonie -- 2023 -- 6602.jpg",https://upload.wikimedia.org/wikipedia/commons/b/b7/Hamburg%2C_Elbphilharmonie_--_2023_--_6602.jpg,"Data/Herzog_&_de_Meuron/exterior/Hamburg,_Elbphilharmonie_--_2023_--_6602.jpg"
Herzog & de Meuron,exterior,"Hamburg, Elbphilharmonie -- 2023 -- 6607","File:Hamburg, Elbphilharmonie -- 2023 -- 6607.jpg",https://upload.wikimedia.org/wikipedia/commons/e/ea/Hamburg%2C_Elbphilharmonie_--_2023_--_6607.jpg,"Data/Herzog_&_de_Meuron/exterior/Hamburg,_Elbphilharmonie_--_2023_--_6607.jpg"
Herzog & de Meuron,exterior,"Hamburg, Elbphilharmonie -- 2023 -- 6573","File:Hamburg, Elbphilharmonie -- 2023 -- 6573.jpg",https://upload.wikimedia.org/wikipedia/commons/6/65/Hamburg%2C_Elbphilharmonie_--_2023_--_6573.jpg,"Data/Herzog_&_de_Meuron/exterior/Hamburg,_Elbphilharmonie_--_2023_--_6573.jpg"
Santiago Calatrava,interior,Guillemins bancs sur la galerie,File:Guillemins bancs sur la galerie.jpg,https://upload.wikimedia.org/wikipedia/commons/3/34/Guillemins_bancs_sur_la_galerie.jpg,Data/Santiago_Calatrava/interior/Guillemins_bancs_sur_la_galerie.jpg
Santiago Calatrava,interior,Guillemins voie 1 et 2,File:Guillemins voie 1 et 2.jpg,https://upload.wikimedia.org/wikipedia/commons/1/1b/Guillemins_voie_1_et_2.jpg,Data/Santiago_Calatrava/interior/Guillemins_voie_1_et_2.jpg
Santiago Calatrava,interior,Guillemins rouge et orange,File:Guillemins rouge et orange.jpg,https://upload.wikimedia.org/wikipedia/commons/9/9f/Guillemins_rouge_et_orange.jpg,Data/Santiago_Calatrava/interior/Guillemins_rouge_et_orange.jpg
Santiago Calatrava,interior,Olympus Digital Camera (137840663),File:Olympus Digital Camera (137840663).jpeg,https://upload.wikimedia.org/wikipedia/commons/e/e9/Olympus_Digital_Camera_%28137840663%29.jpeg,Data/Santiago_Calatrava/interior/Olympus_Digital_Camera_(137840663).jpeg
Santiago Calatrava,interior,500px photo (151675035),File:500px photo (151675035).jpeg,https://upload.wikimedia.org/wikipedia/commons/9/90/500px_photo_%28151675035%29.jpeg,Data/Santiago_Calatrava/interior/500px_photo_(151675035).jpeg
Santiago Calatrava,exterior,Calatrava's World Trade Center Oculus4,File:Calatrava's World Trade Center Oculus4.jpg,https://upload.wikimedia.org/wikipedia/commons/1/17/Calatrava%27s_World_Trade_Center_Oculus4.jpg,Data/Santiago_Calatrava/exterior/Calatrava's_World_Trade_Center_Oculus4.jpg
Santiago Calatrava,exterior,Calatrava's World Trade Center Oculus2,File:Calatrava's World Trade Center Oculus2.jpg,https://upload.wikimedia.org/wikipedia/commons/0/0b/Calatrava%27s_World_Trade_Center_Oculus2.jpg,Data/Santiago_Calatrava/exterior/Calatrava's_World_Trade_Center_Oculus2.jpg
Santiago Calatrava,exterior,Calatrava's World Trade Center Oculus1,File:Calatrava's World Trade Center Oculus1.jpg,https://upload.wikimedia.org/wikipedia/commons/1/1c/Calatrava%27s_World_Trade_Center_Oculus1.jpg,Data/Santiago_Calatrava/exterior/Calatrava's_World_Trade_Center_Oculus1.jpg
Santiago Calatrava,exterior,Calatrava's World Trade Center Oculus5,File:Calatrava's World Trade Center Oculus5.jpg,https://upload.wikimedia.org/wikipedia/commons/2/20/Calatrava%27s_World_Trade_Center_Oculus5.jpg,Data/Santiago_Calatrava/exterior/Calatrava's_World_Trade_Center_Oculus5.jpg
Santiago Calatrava,exterior,Calatrava's World Trade Center Oculus3,File:Calatrava's World Trade Center Oculus3.jpg,https://upload.wikimedia.org/wikipedia/commons/8/83/Calatrava%27s_World_Trade_Center_Oculus3.jpg,Data/Santiago_Calatrava/exterior/Calatrava's_World_Trade_Center_Oculus3.jpg
Bjarke Ingels,interior,Mountain Dwellings - interior with mural,File:Mountain Dwellings - interior with mural.jpg,https://upload.wikimedia.org/wikipedia/commons/a/a3/Mountain_Dwellings_-_interior_with_mural.jpg,Data/Bjarke_Ingels/interior/Mountain_Dwellings_-_interior_with_mural.jpg
Bjarke Ingels,interior,Mountain Dwellings - interior,File:Mountain Dwellings - interior.jpg,https://upload.wikimedia.org/wikipedia/commons/b/b9/Mountain_Dwellings_-_interior.jpg,Data/Bjarke_Ingels/interior/Mountain_Dwellings_-_interior.jpg
Bjarke Ingels,interior,MS Sofartsmuseet Helsingor 20140208 033 (12393999613),File:MS Sofartsmuseet Helsingor 20140208 033 (12393999613).jpg,https://upload.wikimedia.org/wikipedia/commons/4/43/MS_Sofartsmuseet_Helsingor_20140208_033_%2812393999613%29.jpg,Data/Bjarke_Ingels/interior/MS_Sofartsmuseet_Helsingor_20140208_033_(12393999613).jpg
Bjarke Ingels,interior,MS Sofartsmuseet Helsingor 20140208 030 (12393900285),File:MS Sofartsmuseet Helsingor 20140208 030 (12393900285).jpg,https://upload.wikimedia.org/wikipedia/commons/3/33/MS_Sofartsmuseet_Helsingor_20140208_030_%2812393900285%29.jpg,Data/Bjarke_Ingels/interior/MS_Sofartsmuseet_Helsingor_20140208_030_(12393900285).jpg
Bjarke Ingels,interior,MS Sofartsmuseet Helsingor 20140208 040 (12393959253),File:MS Sofartsmuseet Helsingor 20140208 040 (12393959253).jpg,https://upload.wikimedia.org/wikipedia/commons/b/bf/MS_Sofartsmuseet_Helsingor_20140208_040_%2812393959253%29.jpg,Data/Bjarke_Ingels/interior/MS_Sofartsmuseet_Helsingor_20140208_040_(12393959253).jpg
Bjarke Ingels,exterior,Danish Maritime Museum exterior,File:Danish Maritime Museum exterior.jpg,https://upload.wikimedia.org/wikipedia/commons/0/05/Danish_Maritime_Museum_exterior.jpg,Data/Bjarke_Ingels/exterior/Danish_Maritime_Museum_exterior.jpg
Bjarke Ingels,exterior,MS Sofartsmuseet Helsingor 20140208 008 (12393663555),File:MS Sofartsmuseet Helsingor 20140208 008 (12393663555).jpg,https://upload.wikimedia.org/wikipedia/commons/5/5b/MS_Sofartsmuseet_Helsingor_20140208_008_%2812393663555%29.jpg,Data/Bjarke_Ingels/exterior/MS_Sofartsmuseet_Helsingor_20140208_008_(12393663555).jpg
Daniel Libeskind,interior,DanishMuseumInterior,File:DanishMuseumInterior.jpg,https://upload.wikimedia.org/wikipedia/commons/3/3d/DanishMuseumInterior.jpg,Data/Daniel_Libeskind/interior/DanishMuseumInterior.jpg
Daniel Libeskind,interior,WestsideInterior,File:WestsideInterior.jpg,https://upload.wikimedia.org/wikipedia/commons/7/77/WestsideInterior.jpg,Data/Daniel_Libeskind/interior/WestsideInterior.jpg
Daniel Libeskind,interior,Maquette du musée juif (Berlin) (6317915053),File:Maquette du musée juif (Berlin) (6317915053).jpg,https://upload.wikimedia.org/wikipedia/commons/5/52/Maquette_du_mus%C3%A9e_juif_%28Berlin%29_%286317915053%29.jpg,Data/Daniel_Libeskind/interior/Maquette_du_musée_juif_(Berlin)_(6317915053).jpg
Daniel Libeskind,interior,JewishMuseumBerlinExhibitionSpace,File:JewishMuseumBerlinExhibitionSpace.jpg,https://upload.wikimedia.org/wikipedia/commons/3/38/JewishMuseumBerlinExhibitionSpace.jpg,Data/Daniel_Libeskind/interior/JewishMuseumBerlinExhibitionSpace.jpg
Daniel Libeskind,interior,ConJewMusInt,File:ConJewMusInt.jpg,https://upload.wikimedia.org/wikipedia/commons/0/0a/ConJewMusInt.jpg,Data/Daniel_Libeskind/interior/ConJewMusInt.jpg
Daniel Libeskind,exterior,Royal Ontario Museum 12164305946,File:Royal Ontario Museum 12164305946.jpg,https://upload.wikimedia.org/wikipedia/commons/e/e0/Royal_Ontario_Museum_12164305946.jpg,Data/Daniel_Libeskind/exterior/Royal_Ontario_Museum_12164305946.jpg
Daniel Libeskind,exterior,The ROM (3673718875),File:The ROM (3673718875).jpg,https://upload.wikimedia.org/wikipedia/commons/e/e4/The_ROM_%283673718875%29.jpg,Data/Daniel_Libeskind/exterior/The_ROM_(3673718875).jpg
Arata Isozaki,interior,575 Broadway,File:575 Broadway.jpg,https://upload.wikimedia.org/wikipedia/commons/9/91/575_Broadway.jpg,Data/Arata_Isozaki/interior/575_Broadway.jpg
David Chipperfield,interior,3-9 St. Lukes Place (93-81 Leroy Street),File:3-9 St. Lukes Place (93-81 Leroy Street).jpg,https://upload.wikimedia.org/wikipedia/commons/a/af/3-9_St._Lukes_Place_%2893-81_Leroy_Street%29.jpg,Data/David_Chipperfield/interior/3-9_St._Lukes_Place_(93-81_Leroy_Street).jpg
David Chipperfield,exterior,"Wien, Kärntner Straße, Peek & Cloppenburg -- 2018 -- 3074","File:Wien, Kärntner Straße, Peek & Cloppenburg -- 2018 -- 3074.jpg",https://upload.wikimedia.org/wikipedia/commons/4/43/Wien%2C_K%C3%A4rntner_Stra%C3%9Fe%2C_Peek_%26_Cloppenburg_--_2018_--_3074.jpg,"Data/David_Chipperfield/exterior/Wien,_Kärntner_Straße,_Peek_&_Cloppenburg_--_2018_--_3074.jpg"
Philip Johnson,interior,Philip Johnson (10949959785),File:Philip Johnson (10949959785).jpg,https://upload.wikimedia.org/wikipedia/commons/d/d2/Philip_Johnson_%2810949959785%29.jpg,Data/Philip_Johnson/interior/Philip_Johnson_(10949959785).jpg
Philip Johnson,interior,Philip Johnson (10949959785) (cropped),File:Philip Johnson (10949959785) (cropped).jpg,https://upload.wikimedia.org/wikipedia/commons/e/ec/Philip_Johnson_%2810949959785%29_%28cropped%29.jpg,Data/Philip_Johnson/interior/Philip_Johnson_(10949959785)_(cropped).jpg
Philip Johnson,interior,Philip Johnson Glass House The House,File:Philip Johnson Glass House The House.jpg,https://upload.wikimedia.org/wikipedia/commons/9/9d/Philip_Johnson_Glass_House_The_House.jpg,Data/Philip_Johnson/interior/Philip_Johnson_Glass_House_The_House.jpg
Philip Johnson,interior,Philip johnson dining area,File:Philip johnson dining area.jpg,https://upload.wikimedia.org/wikipedia/commons/d/df/Philip_johnson_dining_area.jpg,Data/Philip_Johnson/interior/Philip_johnson_dining_area.jpg
Philip Johnson,interior,Approval of design of proposed addition to Central Library building (10950194523),File:Approval of design of proposed addition to Central Library building (10950194523).jpg,https://upload.wikimedia.org/wikipedia/commons/1/12/Approval_of_design_of_proposed_addition_to_Central_Library_building_%2810950194523%29.jpg,Data/Philip_Johnson/interior/Approval_of_design_of_proposed_addition_to_Central_Library_building_(10950194523).jpg
Philip Johnson,exterior,Philip Johnson Glass House The House,File:Philip Johnson Glass House The House.jpg,https://upload.wikimedia.org/wikipedia/commons/9/9d/Philip_Johnson_Glass_House_The_House.jpg,Data/Philip_Johnson/exterior/Philip_Johnson_Glass_House_The_House.jpg
Philip Johnson,exterior,Glasshouse-philip-johnson,File:Glasshouse-philip-johnson.jpg,https://upload.wikimedia.org/wikipedia/commons/6/63/Glasshouse-philip-johnson.jpg,Data/Philip_Johnson/exterior/Glasshouse-philip-johnson.jpg
Philip Johnson,exterior,MOMA Johnson Glass House2,File:MOMA Johnson Glass House2.jpg,https://upload.wikimedia.org/wikipedia/commons/5/5a/MOMA_Johnson_Glass_House2.jpg,Data/Philip_Johnson/exterior/MOMA_Johnson_Glass_House2.jpg
Louis Kahn,interior,Yale-Center-for-British-Arts-New-Haven-Connecticut-04-2014b,File:Yale-Center-for-British-Arts-New-Haven-Connecticut-04-2014b.jpg,https://upload.wikimedia.org/wikipedia/commons/7/76/Yale-Center-for-British-Arts-New-Haven-Connecticut-04-2014b.jpg,Data/Louis_Kahn/interior/Yale-Center-for-British-Arts-New-Haven-Connecticut-04-2014b.jpg
Louis Kahn,interior,Yale-Center-for-British-Arts-New-Haven-Connecticut-04-2014a,File:Yale-Center-for-British-Arts-New-Haven-Connecticut-04-2014a.jpg,https://upload.wikimedia.org/wikipedia/commons/c/cd/Yale-Center-for-British-Arts-New-Haven-Connecticut-04-2014a.jpg,Data/Louis_Kahn/interior/Yale-Center-for-British-Arts-New-Haven-Connecticut-04-2014a.jpg
Louis Kahn,interior,Light tower (17982018372),File:Light tower (17982018372).jpg,https://upload.wikimedia.org/wikipedia/commons/8/88/Light_tower_%2817982018372%29.jpg,Data/Louis_Kahn/interior/Light_tower_(17982018372).jpg
Louis Kahn,interior,Triangle-ceiling,File:Triangle-ceiling.jpg,https://upload.wikimedia.org/wikipedia/commons/e/e9/Triangle-ceiling.jpg,Data/Louis_Kahn/interior/Triangle-ceiling.jpg
Louis Kahn,exterior,Yale Art Gallery exterior 02,File:Yale Art Gallery exterior 02.jpg,https://upload.wikimedia.org/wikipedia/commons/d/d6/Yale_Art_Gallery_exterior_02.jpg,Data/Louis_Kahn/exterior/Yale_Art_Gallery_exterior_02.jpg
Louis Kahn,exterior,Yale Art Gallery exterior 01,File:Yale Art Gallery exterior 01.jpg,https://upload.wikimedia.org/wikipedia/commons/c/cb/Yale_Art_Gallery_exterior_01.jpg,Data/Louis_Kahn/exterior/Yale_Art_Gallery_exterior_01.jpg
Louis Kahn,exterior,2019 Salk Institute south building exterior passageway,File:2019 Salk Institute south building exterior passageway.jpg,https://upload.wikimedia.org/wikipedia/commons/c/cf/2019_Salk_Institute_south_building_exterior_passageway.jpg,Data/Louis_Kahn/exterior/2019_Salk_Institute_south_building_exterior_passageway.jpg
Louis Kahn,exterior,Yale University Art Gallery exterior,File:Yale University Art Gallery exterior.jpg,https://upload.wikimedia.org/wikipedia/commons/f/f1/Yale_University_Art_Gallery_exterior.jpg,Data/Louis_Kahn/exterior/Yale_University_Art_Gallery_exterior.jpg
Eero Saarinen,interior,MIT-Chapel-Interior-Eero-Saarinen-Massachusetts-Institute-of-Technology-Cambridge-Massachusetts-2014-04-02,File:MIT-Chapel-Interior-Eero-Saarinen-Massachusetts-Institute-of-Technology-Cambridge-Massachusetts-2014-04-02.jpg,https://upload.wikimedia.org/wikipedia/commons/5/52/MIT-Chapel-Interior-Eero-Saarinen-Massachusetts-Institute-of-Technology-Cambridge-Massachusetts-2014-04-02.jpg,Data/Eero_Saarinen/interior/MIT-Chapel-Interior-Eero-Saarinen-Massachusetts-Institute-of-Technology-Cambridge-Massachusetts-2014-04-02.jpg
Eero Saarinen,interior,Eero Saarinen - MIT Chapel (14805587660),File:Eero Saarinen - MIT Chapel (14805587660).jpg,https://upload.wikimedia.org/wikipedia/commons/3/33/Eero_Saarinen_-_MIT_Chapel_%2814805587660%29.jpg,Data/Eero_Saarinen/interior/Eero_Saarinen_-_MIT_Chapel_(14805587660).jpg
Eero Saarinen,interior,"Kresge Auditorium, MIT (interior with concert)","File:Kresge Auditorium, MIT (interior with concert).JPG",https://upload.wikimedia.org/wikipedia/commons/d/df/Kresge_Auditorium%2C_MIT_%28interior_with_concert%29.JPG,"Data/Eero_Saarinen/interior/Kresge_Auditorium,_MIT_(interior_with_concert).JPG"
Eero Saarinen,interior,IBM Yorktown,File:IBM Yorktown.jpg,https://upload.wikimedia.org/wikipedia/commons/d/de/IBM_Yorktown.jpg,Data/Eero_Saarinen/interior/IBM_Yorktown.jpg
Eero Saarinen,interior,MIT Chapel Interior,File:MIT Chapel Interior.jpg,https://upload.wikimedia.org/wikipedia/commons/1/1f/MIT_Chapel_Interior.jpg,Data/Eero_Saarinen/interior/MIT_Chapel_Interior.jpg
Eero Saarinen,exterior,"Eero Saarinen guest house (originally Loja Saarinen house), Bloomfield Hills, Michigan. Exterior - 00030v","File:Eero Saarinen guest house (originally Loja Saarinen house), Bloomfield Hills, Michigan. Exterior - 00030v.jpg",https://upload.wikimedia.org/wikipedia/commons/4/4a/Eero_Saarinen_guest_house_%28originally_Loja_Saarinen_house%29%2C_Bloomfield_Hills%2C_Michigan._Exterior_-_00030v.jpg,"Data/Eero_Saarinen/exterior/Eero_Saarinen_guest_house_(originally_Loja_Saarinen_house),_Bloomfield_Hills,_Michigan._Exterior_-_00030v.jpg"
Eero Saarinen,exterior,"Yale University, Samuel F.B. Morse and Ezra Stiles Colleges, New Haven, Connecticut, 1958-62. Exterior - 00707v","File:Yale University, Samuel F.B. Morse and Ezra Stiles Colleges, New Haven, Connecticut, 1958-62. Exterior - 00707v.jpg",https://upload.wikimedia.org/wikipedia/commons/2/24/Yale_University%2C_Samuel_F.B._Morse_and_Ezra_Stiles_Colleges%2C_New_Haven%2C_Connecticut%2C_1958-62._Exterior_-_00707v.jpg,"Data/Eero_Saarinen/exterior/Yale_University,_Samuel_F.B._Morse_and_Ezra_Stiles_Colleges,_New_Haven,_Connecticut,_1958-62._Exterior_-_00707v.jpg"
Eero Saarinen,exterior,Miller House in Columbus,File:Miller House in Columbus.jpg,https://upload.wikimedia.org/wikipedia/commons/2/27/Miller_House_in_Columbus.jpg,Data/Eero_Saarinen/exterior/Miller_House_in_Columbus.jpg
Eero Saarinen,exterior,New York - John F. Kennedy International (Idlewild) (JFK - KJFK) AN0171417,File:New York - John F. Kennedy International (Idlewild) (JFK - KJFK) AN0171417.jpg,https://upload.wikimedia.org/wikipedia/commons/2/27/New_York_-_John_F._Kennedy_International_%28Idlewild%29_%28JFK_-_KJFK%29_AN0171417.jpg,Data/Eero_Saarinen/exterior/New_York_-_John_F._Kennedy_International_(Idlewild)_(JFK_-_KJFK)_AN0171417.jpg
Eero Saarinen,exterior,Jfkairport,File:Jfkairport.jpg,https://upload.wikimedia.org/wikipedia/commons/d/d6/Jfkairport.jpg,Data/Eero_Saarinen/exterior/Jfkairport.jpg
Richard Rogers,interior,"Ivan Harbour, Rosemary Butler and Richard Rogers at the Senedd","File:Ivan Harbour, Rosemary Butler and Richard Rogers at the Senedd.jpg",https://upload.wikimedia.org/wikipedia/commons/0/0c/Ivan_Harbour%2C_Rosemary_Butler_and_Richard_Rogers_at_the_Senedd.jpg,"Data/Richard_Rogers/interior/Ivan_Harbour,_Rosemary_Butler_and_Richard_Rogers_at_the_Senedd.jpg"
Richard Rogers,interior,"Ivan Harbour, Rosemary Butler & Richard Rogers","File:Ivan Harbour, Rosemary Butler & Richard Rogers.jpg",https://upload.wikimedia.org/wikipedia/commons/2/2c/Ivan_Harbour%2C_Rosemary_Butler_%26_Richard_Rogers.jpg,"Data/Richard_Rogers/interior/Ivan_Harbour,_Rosemary_Butler_&_Richard_Rogers.jpg"
Richard Rogers,interior,Lloyd's Building interior 2007-09-15,File:Lloyd's Building interior 2007-09-15.jpg,https://upload.wikimedia.org/wikipedia/commons/0/0d/Lloyd%27s_Building_interior_2007-09-15.jpg,Data/Richard_Rogers/interior/Lloyd's_Building_interior_2007-09-15.jpg
Richard Rogers,exterior,Cleo Rogers Memorial Library Addition,File:Cleo Rogers Memorial Library Addition.jpeg,https://upload.wikimedia.org/wikipedia/commons/a/a6/Cleo_Rogers_Memorial_Library_Addition.jpeg,Data/Richard_Rogers/exterior/Cleo_Rogers_Memorial_Library_Addition.jpeg
Richard Rogers,exterior,London - The Lloyd's building (32443440187),File:London - The Lloyd's building (32443440187).jpg,https://upload.wikimedia.org/wikipedia/commons/5/54/London_-_The_Lloyd%27s_building_%2832443440187%29.jpg,Data/Richard_Rogers/exterior/London_-_The_Lloyd's_building_(32443440187).jpg
Richard Rogers,exterior,London - The Lloyd's building (2),File:London - The Lloyd's building (2).jpg,https://upload.wikimedia.org/wikipedia/commons/7/7d/London_-_The_Lloyd%27s_building_%282%29.jpg,Data/Richard_Rogers/exterior/London_-_The_Lloyd's_building_(2).jpg
Richard Rogers,exterior,London - The Lloyd's building (1),File:London - The Lloyd's building (1).jpg,https://upload.wikimedia.org/wikipedia/commons/e/e4/London_-_The_Lloyd%27s_building_%281%29.jpg,Data/Richard_Rogers/exterior/London_-_The_Lloyd's_building_(1).jpg
Richard Rogers,exterior,London - The Lloyd's building,File:London - The Lloyd's building.jpg,https://upload.wikimedia.org/wikipedia/commons/2/20/London_-_The_Lloyd%27s_building.jpg,Data/Richard_Rogers/exterior/London_-_The_Lloyd's_building.jpg
Charles Correa,exterior,Fundação Champalimaud - Lisboa - Portugal (11995687066),File:Fundação Champalimaud - Lisboa - Portugal (11995687066).jpg,https://upload.wikimedia.org/wikipedia/commons/a/ad/Funda%C3%A7%C3%A3o_Champalimaud_-_Lisboa_-_Portugal_%2811995687066%29.jpg,Data/Charles_Correa/exterior/Fundação_Champalimaud_-_Lisboa_-_Portugal_(11995687066).jpg
Moshe Safdie,interior,"Singapore (SG), View from Marina Bay Sands, Gardens by the Bay -- 2019 -- 4722","File:Singapore (SG), View from Marina Bay Sands, Gardens by the Bay -- 2019 -- 4722.jpg",https://upload.wikimedia.org/wikipedia/commons/6/6c/Singapore_%28SG%29%2C_View_from_Marina_Bay_Sands%2C_Gardens_by_the_Bay_--_2019_--_4722.jpg,"Data/Moshe_Safdie/interior/Singapore_(SG),_View_from_Marina_Bay_Sands,_Gardens_by_the_Bay_--_2019_--_4722.jpg"
Moshe Safdie,interior,"Singapore (SG), The Float @ Marina Bay and Bay Grandstand -- 2019 -- 4733","File:Singapore (SG), The Float @ Marina Bay and Bay Grandstand -- 2019 -- 4733.jpg",https://upload.wikimedia.org/wikipedia/commons/d/d0/Singapore_%28SG%29%2C_The_Float_%40_Marina_Bay_and_Bay_Grandstand_--_2019_--_4733.jpg,"Data/Moshe_Safdie/interior/Singapore_(SG),_The_Float_@_Marina_Bay_and_Bay_Grandstand_--_2019_--_4733.jpg"
Moshe Safdie,interior,Pyramidal Power (32051676388),File:Pyramidal Power (32051676388).jpg,https://upload.wikimedia.org/wikipedia/commons/d/d8/Pyramidal_Power_%2832051676388%29.jpg,Data/Moshe_Safdie/interior/Pyramidal_Power_(32051676388).jpg
Moshe Safdie,interior,"The Brutalist Architecture of the Ellicott Complex, University at Buffalo North Campus, Amherst, New York - 20220228","File:The Brutalist Architecture of the Ellicott Complex, University at Buffalo North Campus, Amherst, New York - 20220228.jpg",https://upload.wikimedia.org/wikipedia/commons/7/7f/The_Brutalist_Architecture_of_the_Ellicott_Complex%2C_University_at_Buffalo_North_Campus%2C_Amherst%2C_New_York_-_20220228.jpg,"Data/Moshe_Safdie/interior/The_Brutalist_Architecture_of_the_Ellicott_Complex,_University_at_Buffalo_North_Campus,_Amherst,_New_York_-_20220228.jpg"
Moshe Safdie,exterior,"Singapore (SG), View from Marina Bay Sands, Gardens by the Bay -- 2019 -- 4722","File:Singapore (SG), View from Marina Bay Sands, Gardens by the Bay -- 2019 -- 4722.jpg",https://upload.wikimedia.org/wikipedia/commons/6/6c/Singapore_%28SG%29%2C_View_from_Marina_Bay_Sands%2C_Gardens_by_the_Bay_--_2019_--_4722.jpg,"Data/Moshe_Safdie/exterior/Singapore_(SG),_View_from_Marina_Bay_Sands,_Gardens_by_the_Bay_--_2019_--_4722.jpg"
Moshe Safdie,exterior,Pyramidal Power (32051676388),File:Pyramidal Power (32051676388).jpg,https://upload.wikimedia.org/wikipedia/commons/d/d8/Pyramidal_Power_%2832051676388%29.jpg,Data/Moshe_Safdie/exterior/Pyramidal_Power_(32051676388).jpg
Cesar Pelli,interior,Exterior clásico interior moderno,File:Exterior clásico interior moderno.jpg,https://upload.wikimedia.org/wikipedia/commons/7/72/Exterior_cl%C3%A1sico_interior_moderno.jpg,Data/Cesar_Pelli/interior/Exterior_clásico_interior_moderno.jpg
Cesar Pelli,interior,"Torre Iberdrola 1 - Bilbao, Spain","File:Torre Iberdrola 1 - Bilbao, Spain.jpg",https://upload.wikimedia.org/wikipedia/commons/e/ec/Torre_Iberdrola_1_-_Bilbao%2C_Spain.jpg,"Data/Cesar_Pelli/interior/Torre_Iberdrola_1_-_Bilbao,_Spain.jpg"
Cesar Pelli,interior,"Torre Iberdrola 2 - Bilbao, Spain","File:Torre Iberdrola 2 - Bilbao, Spain.jpg",https://upload.wikimedia.org/wikipedia/commons/6/68/Torre_Iberdrola_2_-_Bilbao%2C_Spain.jpg,"Data/Cesar_Pelli/interior/Torre_Iberdrola_2_-_Bilbao,_Spain.jpg"
Cesar Pelli,interior,Curvas y sus proyecciones,File:Curvas y sus proyecciones.jpg,https://upload.wikimedia.org/wikipedia/commons/f/f3/Curvas_y_sus_proyecciones.jpg,Data/Cesar_Pelli/interior/Curvas_y_sus_proyecciones.jpg
Cesar Pelli,interior,"Madison Museum of Contemporary Art, Overture Center for the Arts, State Street and Henry Street, Madison, WI (52733354447)","File:Madison Museum of Contemporary Art, Overture Center for the Arts, State Street and Henry Street, Madison, WI (52733354447).jpg",https://upload.wikimedia.org/wikipedia/commons/d/d0/Madison_Museum_of_Contemporary_Art%2C_Overture_Center_for_the_Arts%2C_State_Street_and_Henry_Street%2C_Madison%2C_WI_%2852733354447%29.jpg,"Data/Cesar_Pelli/interior/Madison_Museum_of_Contemporary_Art,_Overture_Center_for_the_Arts,_State_Street_and_Henry_Street,_Madison,_WI_(52733354447).jpg"
Cesar Pelli,exterior,"COMSAT Building, exterior (21439420930)","File:COMSAT Building, exterior (21439420930).jpg",https://upload.wikimedia.org/wikipedia/commons/8/84/COMSAT_Building%2C_exterior_%2821439420930%29.jpg,"Data/Cesar_Pelli/exterior/COMSAT_Building,_exterior_(21439420930).jpg"
Cesar Pelli,exterior,"COMSAT Building, exterior (21439622438)","File:COMSAT Building, exterior (21439622438).jpg",https://upload.wikimedia.org/wikipedia/commons/b/b7/COMSAT_Building%2C_exterior_%2821439622438%29.jpg,"Data/Cesar_Pelli/exterior/COMSAT_Building,_exterior_(21439622438).jpg"
Cesar Pelli,exterior,"COMSAT Building, exterior (21627520085)","File:COMSAT Building, exterior (21627520085).jpg",https://upload.wikimedia.org/wikipedia/commons/7/75/COMSAT_Building%2C_exterior_%2821627520085%29.jpg,"Data/Cesar_Pelli/exterior/COMSAT_Building,_exterior_(21627520085).jpg"
Cesar Pelli,exterior,"COMSAT Building, exterior (21439421630)","File:COMSAT Building, exterior (21439421630).jpg",https://upload.wikimedia.org/wikipedia/commons/a/ae/COMSAT_Building%2C_exterior_%2821439421630%29.jpg,"Data/Cesar_Pelli/exterior/COMSAT_Building,_exterior_(21439421630).jpg"
Cesar Pelli,exterior,Torre macro reflejando el exterior verde,File:Torre macro reflejando el exterior verde.jpg,https://upload.wikimedia.org/wikipedia/commons/a/a6/Torre_macro_reflejando_el_exterior_verde.jpg,Data/Cesar_Pelli/exterior/Torre_macro_reflejando_el_exterior_verde.jpg
Kazuyo Sejima,interior,"Glass Pavilion, Toledo Museum of Art, Monroe Street, Old West End, Toledo, OH - 53667039250","File:Glass Pavilion, Toledo Museum of Art, Monroe Street, Old West End, Toledo, OH - 53667039250.jpg",https://upload.wikimedia.org/wikipedia/commons/f/f5/Glass_Pavilion%2C_Toledo_Museum_of_Art%2C_Monroe_Street%2C_Old_West_End%2C_Toledo%2C_OH_-_53667039250.jpg,"Data/Kazuyo_Sejima/interior/Glass_Pavilion,_Toledo_Museum_of_Art,_Monroe_Street,_Old_West_End,_Toledo,_OH_-_53667039250.jpg"
Kazuyo Sejima,interior,"Glass Pavilion, Toledo Museum of Art, Monroe Street, Old West End, Toledo, OH - 53667035845","File:Glass Pavilion, Toledo Museum of Art, Monroe Street, Old West End, Toledo, OH - 53667035845.jpg",https://upload.wikimedia.org/wikipedia/commons/7/72/Glass_Pavilion%2C_Toledo_Museum_of_Art%2C_Monroe_Street%2C_Old_West_End%2C_Toledo%2C_OH_-_53667035845.jpg,"Data/Kazuyo_Sejima/interior/Glass_Pavilion,_Toledo_Museum_of_Art,_Monroe_Street,_Old_West_End,_Toledo,_OH_-_53667035845.jpg"
Kazuyo Sejima,interior,"Glass Pavilion, Toledo Museum of Art, Monroe Street, Old West End, Toledo, OH - 53666570751","File:Glass Pavilion, Toledo Museum of Art, Monroe Street, Old West End, Toledo, OH - 53666570751.jpg",https://upload.wikimedia.org/wikipedia/commons/e/e2/Glass_Pavilion%2C_Toledo_Museum_of_Art%2C_Monroe_Street%2C_Old_West_End%2C_Toledo%2C_OH_-_53666570751.jpg,"Data/Kazuyo_Sejima/interior/Glass_Pavilion,_Toledo_Museum_of_Art,_Monroe_Street,_Old_West_End,_Toledo,_OH_-_53666570751.jpg"
Kazuyo Sejima,interior,"Glass Pavilion, Toledo Museum of Art, Monroe Street, Old West End, Toledo, OH","File:Glass Pavilion, Toledo Museum of Art, Monroe Street, Old West End, Toledo, OH.jpg",https://upload.wikimedia.org/wikipedia/commons/a/a5/Glass_Pavilion%2C_Toledo_Museum_of_Art%2C_Monroe_Street%2C_Old_West_End%2C_Toledo%2C_OH.jpg,"Data/Kazuyo_Sejima/interior/Glass_Pavilion,_Toledo_Museum_of_Art,_Monroe_Street,_Old_West_End,_Toledo,_OH.jpg"
Kazuyo Sejima,exterior,"Glass Pavilion, Toledo Museum of Art, Monroe Street, Old West End, Toledo, OH - 53667039250","File:Glass Pavilion, Toledo Museum of Art, Monroe Street, Old West End, Toledo, OH - 53667039250.jpg",https://upload.wikimedia.org/wikipedia/commons/f/f5/Glass_Pavilion%2C_Toledo_Museum_of_Art%2C_Monroe_Street%2C_Old_West_End%2C_Toledo%2C_OH_-_53667039250.jpg,"Data/Kazuyo_Sejima/exterior/Glass_Pavilion,_Toledo_Museum_of_Art,_Monroe_Street,_Old_West_End,_Toledo,_OH_-_53667039250.jpg"
Kazuyo Sejima,exterior,"Glass Pavilion, Toledo Museum of Art, Monroe Street, Old West End, Toledo, OH - 53667035845","File:Glass Pavilion, Toledo Museum of Art, Monroe Street, Old West End, Toledo, OH - 53667035845.jpg",https://upload.wikimedia.org/wikipedia/commons/7/72/Glass_Pavilion%2C_Toledo_Museum_of_Art%2C_Monroe_Street%2C_Old_West_End%2C_Toledo%2C_OH_-_53667035845.jpg,"Data/Kazuyo_Sejima/exterior/Glass_Pavilion,_Toledo_Museum_of_Art,_Monroe_Street,_Old_West_End,_Toledo,_OH_-_53667035845.jpg"
Kazuyo Sejima,exterior,"Glass Pavilion, Toledo Museum of Art, Monroe Street, Old West End, Toledo, OH - 53666570751","File:Glass Pavilion, Toledo Museum of Art, Monroe Street, Old West End, Toledo, OH - 53666570751.jpg",https://upload.wikimedia.org/wikipedia/commons/e/e2/Glass_Pavilion%2C_Toledo_Museum_of_Art%2C_Monroe_Street%2C_Old_West_End%2C_Toledo%2C_OH_-_53666570751.jpg,"Data/Kazuyo_Sejima/exterior/Glass_Pavilion,_Toledo_Museum_of_Art,_Monroe_Street,_Old_West_End,_Toledo,_OH_-_53666570751.jpg"
Kazuyo Sejima,exterior,"Glass Pavilion, Toledo Museum of Art, Monroe Street, Old West End, Toledo, OH","File:Glass Pavilion, Toledo Museum of Art, Monroe Street, Old West End, Toledo, OH.jpg",https://upload.wikimedia.org/wikipedia/commons/a/a5/Glass_Pavilion%2C_Toledo_Museum_of_Art%2C_Monroe_Street%2C_Old_West_End%2C_Toledo%2C_OH.jpg,"Data/Kazuyo_Sejima/exterior/Glass_Pavilion,_Toledo_Museum_of_Art,_Monroe_Street,_Old_West_End,_Toledo,_OH.jpg"
Kengo Kuma,interior,"Atelier bow-wow, sectional model of house tower, tokyo 2006","File:Atelier bow-wow, sectional model of house tower, tokyo 2006.jpg",https://upload.wikimedia.org/wikipedia/commons/0/00/Atelier_bow-wow%2C_sectional_model_of_house_tower%2C_tokyo_2006.jpg,"Data/Kengo_Kuma/interior/Atelier_bow-wow,_sectional_model_of_house_tower,_tokyo_2006.jpg"
Steven Holl,interior,"Kiasma's original bathroom fixtures designed by Steven Holl, 2012","File:Kiasma's original bathroom fixtures designed by Steven Holl, 2012.jpg",https://upload.wikimedia.org/wikipedia/commons/9/97/Kiasma%27s_original_bathroom_fixtures_designed_by_Steven_Holl%2C_2012.jpg,"Data/Steven_Holl/interior/Kiasma's_original_bathroom_fixtures_designed_by_Steven_Holl,_2012.jpg"
Steven Holl,interior,Bellevue Art Museum,File:Bellevue Art Museum.jpg,https://upload.wikimedia.org/wikipedia/commons/c/c7/Bellevue_Art_Museum.jpg,Data/Steven_Holl/interior/Bellevue_Art_Museum.jpg
Steven Holl,exterior,"Kiasma against pink sky, 2008","File:Kiasma against pink sky, 2008.jpg",https://upload.wikimedia.org/wikipedia/commons/4/4b/Kiasma_against_pink_sky%2C_2008.jpg,"Data/Steven_Holl/exterior/Kiasma_against_pink_sky,_2008.jpg"
Steven Holl,exterior,"Kiasma entrance, 2007","File:Kiasma entrance, 2007.jpg",https://upload.wikimedia.org/wikipedia/commons/a/aa/Kiasma_entrance%2C_2007.jpg,"Data/Steven_Holl/exterior/Kiasma_entrance,_2007.jpg"
Steven Holl,exterior,Seattle U St Ignatius 35,File:Seattle U St Ignatius 35.jpg,https://upload.wikimedia.org/wikipedia/commons/c/c4/Seattle_U_St_Ignatius_35.jpg,Data/Steven_Holl/exterior/Seattle_U_St_Ignatius_35.jpg
Steven Holl,exterior,Seattle U St Ignatius 34,File:Seattle U St Ignatius 34.jpg,https://upload.wikimedia.org/wikipedia/commons/6/6a/Seattle_U_St_Ignatius_34.jpg,Data/Steven_Holl/exterior/Seattle_U_St_Ignatius_34.jpg
Álvaro Siza Vieira,interior,Escola Superior de Educação de Setúbal Photo by Christian Gänshirt,File:Escola Superior de Educação de Setúbal Photo by Christian Gänshirt.JPG,https://upload.wikimedia.org/wikipedia/commons/d/dd/Escola_Superior_de_Educa%C3%A7%C3%A3o_de_Set%C3%BAbal_Photo_by_Christian_G%C3%A4nshirt.JPG,Data/Álvaro_Siza_Vieira/interior/Escola_Superior_de_Educação_de_Setúbal_Photo_by_Christian_Gänshirt.JPG
Álvaro Siza Vieira,exterior,BoaNovaTeePavillion1,File:BoaNovaTeePavillion1.jpg,https://upload.wikimedia.org/wikipedia/commons/2/23/BoaNovaTeePavillion1.jpg,Data/Álvaro_Siza_Vieira/exterior/BoaNovaTeePavillion1.jpg
Álvaro Siza Vieira,exterior,Casa de chá da Boa Nova,File:Casa de chá da Boa Nova.jpg,https://upload.wikimedia.org/wikipedia/commons/3/3c/Casa_de_ch%C3%A1_da_Boa_Nova.jpg,Data/Álvaro_Siza_Vieira/exterior/Casa_de_chá_da_Boa_Nova.jpg
Bernard Tschumi,interior,2014 Columbia University Lerner Hall interior,File:2014 Columbia University Lerner Hall interior.jpg,https://upload.wikimedia.org/wikipedia/commons/7/71/2014_Columbia_University_Lerner_Hall_interior.jpg,Data/Bernard_Tschumi/interior/2014_Columbia_University_Lerner_Hall_interior.jpg
Richard Meier,interior,Getty USGS,File:Getty USGS.jpg,https://upload.wikimedia.org/wikipedia/commons/5/51/Getty_USGS.jpg,Data/Richard_Meier/interior/Getty_USGS.jpg
Richard Meier,exterior,Atlhighmuseum,File:Atlhighmuseum.jpg,https://upload.wikimedia.org/wikipedia/commons/8/80/Atlhighmuseum.jpg,Data/Richard_Meier/exterior/Atlhighmuseum.jpg
Richard Meier,exterior,Barcelona Museum of Contemporary Art,File:Barcelona Museum of Contemporary Art.jpg,https://upload.wikimedia.org/wikipedia/commons/6/67/Barcelona_Museum_of_Contemporary_Art.jpg,Data/Richard_Meier/exterior/Barcelona_Museum_of_Contemporary_Art.jpg
Jean Nouvel,interior,Patio Nouvel del Museo Reina Sofía,File:Patio Nouvel del Museo Reina Sofía.jpg,https://upload.wikimedia.org/wikipedia/commons/6/64/Patio_Nouvel_del_Museo_Reina_Sof%C3%ADa.jpg,Data/Jean_Nouvel/interior/Patio_Nouvel_del_Museo_Reina_Sofía.jpg
Jean Nouvel,interior,Jean Nouvel ampliación Museo Nacional Centro de Arte Reina Sofía Madrid (1677991399),File:Jean Nouvel ampliación Museo Nacional Centro de Arte Reina Sofía Madrid (1677991399).jpg,https://upload.wikimedia.org/wikipedia/commons/1/11/Jean_Nouvel_ampliaci%C3%B3n_Museo_Nacional_Centro_de_Arte_Reina_Sof%C3%ADa_Madrid_%281677991399%29.jpg,Data/Jean_Nouvel/interior/Jean_Nouvel_ampliación_Museo_Nacional_Centro_de_Arte_Reina_Sofía_Madrid_(1677991399).jpg
Jean Nouvel,interior,Ampliación Museo Reina Sofia de Jean Nouvel,File:Ampliación Museo Reina Sofia de Jean Nouvel.jpg,https://upload.wikimedia.org/wikipedia/commons/9/98/Ampliaci%C3%B3n_Museo_Reina_Sofia_de_Jean_Nouvel.jpg,Data/Jean_Nouvel/interior/Ampliación_Museo_Reina_Sofia_de_Jean_Nouvel.jpg
Jean Nouvel,interior,"Lespace Nouvel (Museo Nacional Centro de Arte Reina Sofía, Madrid) (4699358911)","File:Lespace Nouvel (Museo Nacional Centro de Arte Reina Sofía, Madrid) (4699358911).jpg",https://upload.wikimedia.org/wikipedia/commons/6/69/Lespace_Nouvel_%28Museo_Nacional_Centro_de_Arte_Reina_Sof%C3%ADa%2C_Madrid%29_%284699358911%29.jpg,"Data/Jean_Nouvel/interior/Lespace_Nouvel_(Museo_Nacional_Centro_de_Arte_Reina_Sofía,_Madrid)_(4699358911).jpg"
Jean Nouvel,interior,"Lespace Nouvel (Museo Nacional Centro de Arte Reina Sofía, Madrid) (4699358229)","File:Lespace Nouvel (Museo Nacional Centro de Arte Reina Sofía, Madrid) (4699358229).jpg",https://upload.wikimedia.org/wikipedia/commons/0/05/Lespace_Nouvel_%28Museo_Nacional_Centro_de_Arte_Reina_Sof%C3%ADa%2C_Madrid%29_%284699358229%29.jpg,"Data/Jean_Nouvel/interior/Lespace_Nouvel_(Museo_Nacional_Centro_de_Arte_Reina_Sofía,_Madrid)_(4699358229).jpg"
Jean Nouvel,exterior,Stasinou Avenue Tower 25 Jean Nouvel skyscraper night shot exterior Nicosia Republic of Cyprus,File:Stasinou Avenue Tower 25 Jean Nouvel skyscraper night shot exterior Nicosia Republic of Cyprus.jpg,https://upload.wikimedia.org/wikipedia/commons/5/5c/Stasinou_Avenue_Tower_25_Jean_Nouvel_skyscraper_night_shot_exterior_Nicosia_Republic_of_Cyprus.jpg,Data/Jean_Nouvel/exterior/Stasinou_Avenue_Tower_25_Jean_Nouvel_skyscraper_night_shot_exterior_Nicosia_Republic_of_Cyprus.jpg
Jean Nouvel,exterior,53W53 Exterior Shot,File:53W53 Exterior Shot.jpg,https://upload.wikimedia.org/wikipedia/commons/f/f1/53W53_Exterior_Shot.jpg,Data/Jean_Nouvel/exterior/53W53_Exterior_Shot.jpg
Jean Nouvel,exterior,"PriceWaterHouseCoopers Building, Oslo (4829564417)","File:PriceWaterHouseCoopers Building, Oslo (4829564417).jpg",https://upload.wikimedia.org/wikipedia/commons/8/83/PriceWaterHouseCoopers_Building%2C_Oslo_%284829564417%29.jpg,"Data/Jean_Nouvel/exterior/PriceWaterHouseCoopers_Building,_Oslo_(4829564417).jpg"
Jean Nouvel,exterior,"Lyon City Tram - Opéra Nouvel - Place de la Comédie, Lyon (35340724885)","File:Lyon City Tram - Opéra Nouvel - Place de la Comédie, Lyon (35340724885).jpg",https://upload.wikimedia.org/wikipedia/commons/1/16/Lyon_City_Tram_-_Op%C3%A9ra_Nouvel_-_Place_de_la_Com%C3%A9die%2C_Lyon_%2835340724885%29.jpg,"Data/Jean_Nouvel/exterior/Lyon_City_Tram_-_Opéra_Nouvel_-_Place_de_la_Comédie,_Lyon_(35340724885).jpg"
Jean Nouvel,exterior,"Guthrie Theater, 2nd Street, Mill District, Minneapolis, MN - 51780823456","File:Guthrie Theater, 2nd Street, Mill District, Minneapolis, MN - 51780823456.jpg",https://upload.wikimedia.org/wikipedia/commons/9/98/Guthrie_Theater%2C_2nd_Street%2C_Mill_District%2C_Minneapolis%2C_MN_-_51780823456.jpg,"Data/Jean_Nouvel/exterior/Guthrie_Theater,_2nd_Street,_Mill_District,_Minneapolis,_MN_-_51780823456.jpg"
Michael Graves,interior,St Michael's church - C18 ledger slab - geograph.org.uk - 1406580,File:St Michael's church - C18 ledger slab - geograph.org.uk - 1406580.jpg,https://upload.wikimedia.org/wikipedia/commons/a/ab/St_Michael%27s_church_-_C18_ledger_slab_-_geograph.org.uk_-_1406580.jpg,Data/Michael_Graves/interior/St_Michael's_church_-_C18_ledger_slab_-_geograph.org.uk_-_1406580.jpg
Michael Graves,interior,"Templar grave slab lintel, Garway church - geograph.org.uk - 3339198","File:Templar grave slab lintel, Garway church - geograph.org.uk - 3339198.jpg",https://upload.wikimedia.org/wikipedia/commons/1/14/Templar_grave_slab_lintel%2C_Garway_church_-_geograph.org.uk_-_3339198.jpg,"Data/Michael_Graves/interior/Templar_grave_slab_lintel,_Garway_church_-_geograph.org.uk_-_3339198.jpg"
Michael Graves,interior,"Re-used Templar grave slab, Garway church - geograph.org.uk - 3339188","File:Re-used Templar grave slab, Garway church - geograph.org.uk - 3339188.jpg",https://upload.wikimedia.org/wikipedia/commons/e/e8/Re-used_Templar_grave_slab%2C_Garway_church_-_geograph.org.uk_-_3339188.jpg,"Data/Michael_Graves/interior/Re-used_Templar_grave_slab,_Garway_church_-_geograph.org.uk_-_3339188.jpg"
Michael Graves,exterior,Denver Public Library Exterior Architecture Detail,File:Denver Public Library Exterior Architecture Detail.jpg,https://upload.wikimedia.org/wikipedia/commons/b/b8/Denver_Public_Library_Exterior_Architecture_Detail.jpg,Data/Michael_Graves/exterior/Denver_Public_Library_Exterior_Architecture_Detail.jpg
Thom Mayne,exterior,New Academic Building Exterior,File:New Academic Building Exterior.jpg,https://upload.wikimedia.org/wikipedia/commons/c/ce/New_Academic_Building_Exterior.jpg,Data/Thom_Mayne/exterior/New_Academic_Building_Exterior.jpg
Peter Zumthor,interior,"Kolumba museum, peter zumthor 1997-2007 (3457230236)","File:Kolumba museum, peter zumthor 1997-2007 (3457230236).jpg",https://upload.wikimedia.org/wikipedia/commons/3/3e/Kolumba_museum%2C_peter_zumthor_1997-2007_%283457230236%29.jpg,"Data/Peter_Zumthor/interior/Kolumba_museum,_peter_zumthor_1997-2007_(3457230236).jpg"
Peter Zumthor,interior,Dark side of the moon - peter zumthor - Flickr - seier-seier,File:Dark side of the moon - peter zumthor - Flickr - seier-seier.jpg,https://upload.wikimedia.org/wikipedia/commons/6/6d/Dark_side_of_the_moon_-_peter_zumthor_-_Flickr_-_seier-seier.jpg,Data/Peter_Zumthor/interior/Dark_side_of_the_moon_-_peter_zumthor_-_Flickr_-_seier-seier.jpg
Peter Zumthor,interior,VARDØ Vardøya NORWAY Steilneset minnested Heksemonument hekseprosesser (Witches’ Memorial 91 executed victims 17c trials Finnmark) Peter Zumthor 135 m Minnehall Hall corridor with biographies (2011) Interior Light bulb window 2023 a,File:VARDØ Vardøya NORWAY Steilneset minnested Heksemonument hekseprosesser (Witches’ Memorial 91 executed victims 17c trials Finnmark) Peter Zumthor 135 m Minnehall Hall corridor with biographies (2011) Interior Light bulb window 2023 a.jpg,https://upload.wikimedia.org/wikipedia/commons/2/22/VARD%C3%98_Vard%C3%B8ya_NORWAY_Steilneset_minnested_Heksemonument_hekseprosesser_%28Witches%E2%80%99_Memorial_91_executed_victims_17c_trials_Finnmark%29_Peter_Zumthor_135_m_Minnehall_Hall_corridor_with_biographies_%282011%29_Interior_Light_bulb_window_2023_a.jpg,Data/Peter_Zumthor/interior/VARDØ_Vardøya_NORWAY_Steilneset_minnested_Heksemonument_hekseprosesser_(Witches’_Memorial_91_executed_victims_17c_trials_Finnmark)_Peter_Zumthor_135_m_Minnehall_Hall_corridor_with_biographies_(2011)_Interior_Light_bulb_window_2023_a.jpg
Peter Zumthor,interior,VARDØ Vardøya NORWAY Steilneset minnested Heksemonument hekser (Witches’ Memorial 91 victims 17c Finnmark) Louise Bourgeois fire sculpture Peter Zumthor Glass pavillion 145 m Hall corridor (2011) Fog Bussefjorden Distorted pano 2023,File:VARDØ Vardøya NORWAY Steilneset minnested Heksemonument hekser (Witches’ Memorial 91 victims 17c Finnmark) Louise Bourgeois fire sculpture Peter Zumthor Glass pavillion 145 m Hall corridor (2011) Fog Bussefjorden Distorted pano 2023.jpg,https://upload.wikimedia.org/wikipedia/commons/2/2d/VARD%C3%98_Vard%C3%B8ya_NORWAY_Steilneset_minnested_Heksemonument_hekser_%28Witches%E2%80%99_Memorial_91_victims_17c_Finnmark%29_Louise_Bourgeois_fire_sculpture_Peter_Zumthor_Glass_pavillion_145_m_Hall_corridor_%282011%29_Fog_Bussefjorden_Distorted_pano_2023.jpg,Data/Peter_Zumthor/interior/VARDØ_Vardøya_NORWAY_Steilneset_minnested_Heksemonument_hekser_(Witches’_Memorial_91_victims_17c_Finnmark)_Louise_Bourgeois_fire_sculpture_Peter_Zumthor_Glass_pavillion_145_m_Hall_corridor_(2011)_Fog_Bussefjorden_Distorted_pano_2023.jpg
Peter Zumthor,interior,VARDØ Vardøya NORWAY Steilneset minnested Heksemonument hekseprosesser (Witches’ Memorial 91 executed victims 17c trials Finnmark) Peter Zumthor 135 m Minnehall Hall corridor with biographies (2011) Interior Light bulb window 2023 b,File:VARDØ Vardøya NORWAY Steilneset minnested Heksemonument hekseprosesser (Witches’ Memorial 91 executed victims 17c trials Finnmark) Peter Zumthor 135 m Minnehall Hall corridor with biographies (2011) Interior Light bulb window 2023 b.jpg,https://upload.wikimedia.org/wikipedia/commons/f/fb/VARD%C3%98_Vard%C3%B8ya_NORWAY_Steilneset_minnested_Heksemonument_hekseprosesser_%28Witches%E2%80%99_Memorial_91_executed_victims_17c_trials_Finnmark%29_Peter_Zumthor_135_m_Minnehall_Hall_corridor_with_biographies_%282011%29_Interior_Light_bulb_window_2023_b.jpg,Data/Peter_Zumthor/interior/VARDØ_Vardøya_NORWAY_Steilneset_minnested_Heksemonument_hekseprosesser_(Witches’_Memorial_91_executed_victims_17c_trials_Finnmark)_Peter_Zumthor_135_m_Minnehall_Hall_corridor_with_biographies_(2011)_Interior_Light_bulb_window_2023_b.jpg
Peter Zumthor,exterior,VARDØ Vardøya NORWAY Steilneset minnested Heksemonument hekser (Witches’ Memorial 91 executed victims 17c trials Finnmark) Peter Zumthor 135 m Minnehall Hall corridor with biographies Exterior (2011) Fog Bussefjorden 2023-07-28 a,File:VARDØ Vardøya NORWAY Steilneset minnested Heksemonument hekser (Witches’ Memorial 91 executed victims 17c trials Finnmark) Peter Zumthor 135 m Minnehall Hall corridor with biographies Exterior (2011) Fog Bussefjorden 2023-07-28 a.jpg,https://upload.wikimedia.org/wikipedia/commons/9/95/VARD%C3%98_Vard%C3%B8ya_NORWAY_Steilneset_minnested_Heksemonument_hekser_%28Witches%E2%80%99_Memorial_91_executed_victims_17c_trials_Finnmark%29_Peter_Zumthor_135_m_Minnehall_Hall_corridor_with_biographies_Exterior_%282011%29_Fog_Bussefjorden_2023-07-28_a.jpg,Data/Peter_Zumthor/exterior/VARDØ_Vardøya_NORWAY_Steilneset_minnested_Heksemonument_hekser_(Witches’_Memorial_91_executed_victims_17c_trials_Finnmark)_Peter_Zumthor_135_m_Minnehall_Hall_corridor_with_biographies_Exterior_(2011)_Fog_Bussefjorden_2023-07-28_a.jpg
Peter Zumthor,exterior,VARDØ Vardøya NORWAY Steilneset minnested Heksemonument hekser (Witches’ Memorial 91 executed victims 17c trials Finnmark) Peter Zumthor 135 m Minnehall Hall corridor with biographies Exterior (2011) Fog Bussefjorden 2023-07-28 c,File:VARDØ Vardøya NORWAY Steilneset minnested Heksemonument hekser (Witches’ Memorial 91 executed victims 17c trials Finnmark) Peter Zumthor 135 m Minnehall Hall corridor with biographies Exterior (2011) Fog Bussefjorden 2023-07-28 c.jpg,https://upload.wikimedia.org/wikipedia/commons/b/b4/VARD%C3%98_Vard%C3%B8ya_NORWAY_Steilneset_minnested_Heksemonument_hekser_%28Witches%E2%80%99_Memorial_91_executed_victims_17c_trials_Finnmark%29_Peter_Zumthor_135_m_Minnehall_Hall_corridor_with_biographies_Exterior_%282011%29_Fog_Bussefjorden_2023-07-28_c.jpg,Data/Peter_Zumthor/exterior/VARDØ_Vardøya_NORWAY_Steilneset_minnested_Heksemonument_hekser_(Witches’_Memorial_91_executed_victims_17c_trials_Finnmark)_Peter_Zumthor_135_m_Minnehall_Hall_corridor_with_biographies_Exterior_(2011)_Fog_Bussefjorden_2023-07-28_c.jpg
Peter Zumthor,exterior,VARDØ Vardøya NORWAY Steilneset minnested Heksemonument hekser (Witches’ Memorial 91 executed victims 17c trials Finnmark) Peter Zumthor 135 m Minnehall Hall corridor with biographies Exterior (2011) Fog Bussefjorden 2023-07-28 b,File:VARDØ Vardøya NORWAY Steilneset minnested Heksemonument hekser (Witches’ Memorial 91 executed victims 17c trials Finnmark) Peter Zumthor 135 m Minnehall Hall corridor with biographies Exterior (2011) Fog Bussefjorden 2023-07-28 b.jpg,https://upload.wikimedia.org/wikipedia/commons/5/54/VARD%C3%98_Vard%C3%B8ya_NORWAY_Steilneset_minnested_Heksemonument_hekser_%28Witches%E2%80%99_Memorial_91_executed_victims_17c_trials_Finnmark%29_Peter_Zumthor_135_m_Minnehall_Hall_corridor_with_biographies_Exterior_%282011%29_Fog_Bussefjorden_2023-07-28_b.jpg,Data/Peter_Zumthor/exterior/VARDØ_Vardøya_NORWAY_Steilneset_minnested_Heksemonument_hekser_(Witches’_Memorial_91_executed_victims_17c_trials_Finnmark)_Peter_Zumthor_135_m_Minnehall_Hall_corridor_with_biographies_Exterior_(2011)_Fog_Bussefjorden_2023-07-28_b.jpg
Rafael Viñoly,interior,"Interior of the Tokyo International Forum Glass Building, Japan","File:Interior of the Tokyo International Forum Glass Building, Japan.jpg",https://upload.wikimedia.org/wikipedia/commons/5/51/Interior_of_the_Tokyo_International_Forum_Glass_Building%2C_Japan.jpg,"Data/Rafael_Viñoly/interior/Interior_of_the_Tokyo_International_Forum_Glass_Building,_Japan.jpg"
Rafael Viñoly,interior,Interior of the Tokyo International Forum glass building with roller shades in Japan,File:Interior of the Tokyo International Forum glass building with roller shades in Japan.jpg,https://upload.wikimedia.org/wikipedia/commons/3/3d/Interior_of_the_Tokyo_International_Forum_glass_building_with_roller_shades_in_Japan.jpg,Data/Rafael_Viñoly/interior/Interior_of_the_Tokyo_International_Forum_glass_building_with_roller_shades_in_Japan.jpg
Rafael Viñoly,interior,Tokyo International Forum Glass Building 3,File:Tokyo International Forum Glass Building 3.jpg,https://upload.wikimedia.org/wikipedia/commons/7/76/Tokyo_International_Forum_Glass_Building_3.jpg,Data/Rafael_Viñoly/interior/Tokyo_International_Forum_Glass_Building_3.jpg
Rafael Viñoly,interior,Tokyo International Forum Glass Building 2,File:Tokyo International Forum Glass Building 2.jpg,https://upload.wikimedia.org/wikipedia/commons/8/87/Tokyo_International_Forum_Glass_Building_2.jpg,Data/Rafael_Viñoly/interior/Tokyo_International_Forum_Glass_Building_2.jpg
Rafael Viñoly,interior,Tokyo International Forum Glass Building 1,File:Tokyo International Forum Glass Building 1.jpg,https://upload.wikimedia.org/wikipedia/commons/3/38/Tokyo_International_Forum_Glass_Building_1.jpg,Data/Rafael_Viñoly/interior/Tokyo_International_Forum_Glass_Building_1.jpg
Rafael Viñoly,exterior,West Wing - Cleveland Museum of Art (28432028946),File:West Wing - Cleveland Museum of Art (28432028946).jpg,https://upload.wikimedia.org/wikipedia/commons/1/1a/West_Wing_-_Cleveland_Museum_of_Art_%2828432028946%29.jpg,Data/Rafael_Viñoly/exterior/West_Wing_-_Cleveland_Museum_of_Art_(28432028946).jpg
Paul Rudolph,interior,Interior Space - Modulightor Building Paul Ruldolph,File:Interior Space - Modulightor Building Paul Ruldolph.jpg,https://upload.wikimedia.org/wikipedia/commons/0/0c/Interior_Space_-_Modulightor_Building_Paul_Ruldolph.jpg,Data/Paul_Rudolph/interior/Interior_Space_-_Modulightor_Building_Paul_Ruldolph.jpg
Paul Rudolph,interior,Interior Detail - Modulightor Building Paul Ruldolph,File:Interior Detail - Modulightor Building Paul Ruldolph.jpg,https://upload.wikimedia.org/wikipedia/commons/c/c6/Interior_Detail_-_Modulightor_Building_Paul_Ruldolph.jpg,Data/Paul_Rudolph/interior/Interior_Detail_-_Modulightor_Building_Paul_Ruldolph.jpg
Paul Rudolph,interior,Interior Apartment Staircase - Modulightor Building Paul Ruldolph,File:Interior Apartment Staircase - Modulightor Building Paul Ruldolph.jpg,https://upload.wikimedia.org/wikipedia/commons/a/a7/Interior_Apartment_Staircase_-_Modulightor_Building_Paul_Ruldolph.jpg,Data/Paul_Rudolph/interior/Interior_Apartment_Staircase_-_Modulightor_Building_Paul_Ruldolph.jpg
Paul Rudolph,interior,Interior Barcelona Chair Detail - Modulightor Building Paul Ruldolph,File:Interior Barcelona Chair Detail - Modulightor Building Paul Ruldolph.jpg,https://upload.wikimedia.org/wikipedia/commons/6/63/Interior_Barcelona_Chair_Detail_-_Modulightor_Building_Paul_Ruldolph.jpg,Data/Paul_Rudolph/interior/Interior_Barcelona_Chair_Detail_-_Modulightor_Building_Paul_Ruldolph.jpg
Paul Rudolph,interior,"Cover Sheet - Paul Rudolph's Louis Micheels House, 16 Minute Man Hill, Westport, Fairfield County, CT HABS CT-475 (sheet 1 of 5)","File:Cover Sheet - Paul Rudolph's Louis Micheels House, 16 Minute Man Hill, Westport, Fairfield County, CT HABS CT-475 (sheet 1 of 5).png",https://upload.wikimedia.org/wikipedia/commons/0/0f/Cover_Sheet_-_Paul_Rudolph%27s_Louis_Micheels_House%2C_16_Minute_Man_Hill%2C_Westport%2C_Fairfield_County%2C_CT_HABS_CT-475_%28sheet_1_of_5%29.png,"Data/Paul_Rudolph/interior/Cover_Sheet_-_Paul_Rudolph's_Louis_Micheels_House,_16_Minute_Man_Hill,_Westport,_Fairfield_County,_CT_HABS_CT-475_(sheet_1_of_5).png"
Paul Rudolph,exterior,Exterior Front Facade - Modulightor Building Paul Ruldolph,File:Exterior Front Facade - Modulightor Building Paul Ruldolph.jpg,https://upload.wikimedia.org/wikipedia/commons/2/27/Exterior_Front_Facade_-_Modulightor_Building_Paul_Ruldolph.jpg,Data/Paul_Rudolph/exterior/Exterior_Front_Facade_-_Modulightor_Building_Paul_Ruldolph.jpg
Paul Rudolph,exterior,Exterior Front Detail - Modulightor Building Paul Ruldolph,File:Exterior Front Detail - Modulightor Building Paul Ruldolph.jpg,https://upload.wikimedia.org/wikipedia/commons/2/28/Exterior_Front_Detail_-_Modulightor_Building_Paul_Ruldolph.jpg,Data/Paul_Rudolph/exterior/Exterior_Front_Detail_-_Modulightor_Building_Paul_Ruldolph.jpg
Paul Rudolph,exterior,"Cover Sheet - Paul Rudolph's Louis Micheels House, 16 Minute Man Hill, Westport, Fairfield County, CT HABS CT-475 (sheet 1 of 5)","File:Cover Sheet - Paul Rudolph's Louis Micheels House, 16 Minute Man Hill, Westport, Fairfield County, CT HABS CT-475 (sheet 1 of 5).png",https://upload.wikimedia.org/wikipedia/commons/0/0f/Cover_Sheet_-_Paul_Rudolph%27s_Louis_Micheels_House%2C_16_Minute_Man_Hill%2C_Westport%2C_Fairfield_County%2C_CT_HABS_CT-475_%28sheet_1_of_5%29.png,"Data/Paul_Rudolph/exterior/Cover_Sheet_-_Paul_Rudolph's_Louis_Micheels_House,_16_Minute_Man_Hill,_Westport,_Fairfield_County,_CT_HABS_CT-475_(sheet_1_of_5).png"
Paul Rudolph,exterior,"Basement and First Floor Plans - Paul Rudolph's Louis Micheels House, 16 Minute Man Hill, Westport, Fairfield County, CT HABS CT-475 (sheet 2 of 5)","File:Basement and First Floor Plans - Paul Rudolph's Louis Micheels House, 16 Minute Man Hill, Westport, Fairfield County, CT HABS CT-475 (sheet 2 of 5).png",https://upload.wikimedia.org/wikipedia/commons/c/ca/Basement_and_First_Floor_Plans_-_Paul_Rudolph%27s_Louis_Micheels_House%2C_16_Minute_Man_Hill%2C_Westport%2C_Fairfield_County%2C_CT_HABS_CT-475_%28sheet_2_of_5%29.png,"Data/Paul_Rudolph/exterior/Basement_and_First_Floor_Plans_-_Paul_Rudolph's_Louis_Micheels_House,_16_Minute_Man_Hill,_Westport,_Fairfield_County,_CT_HABS_CT-475_(sheet_2_of_5).png"
Paul Rudolph,exterior,"North Elevation and Longitudinal Sections - Paul Rudolph's Louis Micheels House, 16 Minute Man Hill, Westport, Fairfield County, CT HABS CT-475 (sheet 4 of 5)","File:North Elevation and Longitudinal Sections - Paul Rudolph's Louis Micheels House, 16 Minute Man Hill, Westport, Fairfield County, CT HABS CT-475 (sheet 4 of 5).png",https://upload.wikimedia.org/wikipedia/commons/d/da/North_Elevation_and_Longitudinal_Sections_-_Paul_Rudolph%27s_Louis_Micheels_House%2C_16_Minute_Man_Hill%2C_Westport%2C_Fairfield_County%2C_CT_HABS_CT-475_%28sheet_4_of_5%29.png,"Data/Paul_Rudolph/exterior/North_Elevation_and_Longitudinal_Sections_-_Paul_Rudolph's_Louis_Micheels_House,_16_Minute_Man_Hill,_Westport,_Fairfield_County,_CT_HABS_CT-475_(sheet_4_of_5).png"
Marcel Breuer,interior,Atlanta Central Library Interior Stairs,File:Atlanta Central Library Interior Stairs.jpg,https://upload.wikimedia.org/wikipedia/commons/e/eb/Atlanta_Central_Library_Interior_Stairs.jpg,Data/Marcel_Breuer/interior/Atlanta_Central_Library_Interior_Stairs.jpg
Marcel Breuer,interior,"Elevations - Kykuit, Marcel Breuer Exhibition House, 200 Lake Road, Pocantico Hills, Westchester County, NY HABS NY-6334-G (sheet 3 of 5)","File:Elevations - Kykuit, Marcel Breuer Exhibition House, 200 Lake Road, Pocantico Hills, Westchester County, NY HABS NY-6334-G (sheet 3 of 5).png",https://upload.wikimedia.org/wikipedia/commons/3/33/Elevations_-_Kykuit%2C_Marcel_Breuer_Exhibition_House%2C_200_Lake_Road%2C_Pocantico_Hills%2C_Westchester_County%2C_NY_HABS_NY-6334-G_%28sheet_3_of_5%29.png,"Data/Marcel_Breuer/interior/Elevations_-_Kykuit,_Marcel_Breuer_Exhibition_House,_200_Lake_Road,_Pocantico_Hills,_Westchester_County,_NY_HABS_NY-6334-G_(sheet_3_of_5).png"
Marcel Breuer,interior,"Cover Sheet and Site Plan - Kykuit, Marcel Breuer Exhibition House, 200 Lake Road, Pocantico Hills, Westchester County, NY HABS NY-6334-G (sheet 1 of 5)","File:Cover Sheet and Site Plan - Kykuit, Marcel Breuer Exhibition House, 200 Lake Road, Pocantico Hills, Westchester County, NY HABS NY-6334-G (sheet 1 of 5).png",https://upload.wikimedia.org/wikipedia/commons/e/e0/Cover_Sheet_and_Site_Plan_-_Kykuit%2C_Marcel_Breuer_Exhibition_House%2C_200_Lake_Road%2C_Pocantico_Hills%2C_Westchester_County%2C_NY_HABS_NY-6334-G_%28sheet_1_of_5%29.png,"Data/Marcel_Breuer/interior/Cover_Sheet_and_Site_Plan_-_Kykuit,_Marcel_Breuer_Exhibition_House,_200_Lake_Road,_Pocantico_Hills,_Westchester_County,_NY_HABS_NY-6334-G_(sheet_1_of_5).png"
Marcel Breuer,interior,"First and Second Floor Plan - Kykuit, Marcel Breuer Exhibition House, 200 Lake Road, Pocantico Hills, Westchester County, NY HABS NY-6334-G (sheet 2 of 5)","File:First and Second Floor Plan - Kykuit, Marcel Breuer Exhibition House, 200 Lake Road, Pocantico Hills, Westchester County, NY HABS NY-6334-G (sheet 2 of 5).png",https://upload.wikimedia.org/wikipedia/commons/3/35/First_and_Second_Floor_Plan_-_Kykuit%2C_Marcel_Breuer_Exhibition_House%2C_200_Lake_Road%2C_Pocantico_Hills%2C_Westchester_County%2C_NY_HABS_NY-6334-G_%28sheet_2_of_5%29.png,"Data/Marcel_Breuer/interior/First_and_Second_Floor_Plan_-_Kykuit,_Marcel_Breuer_Exhibition_House,_200_Lake_Road,_Pocantico_Hills,_Westchester_County,_NY_HABS_NY-6334-G_(sheet_2_of_5).png"
Marcel Breuer,interior,Atlanta Central Library Interior,File:Atlanta Central Library Interior.jpg,https://upload.wikimedia.org/wikipedia/commons/3/3e/Atlanta_Central_Library_Interior.jpg,Data/Marcel_Breuer/interior/Atlanta_Central_Library_Interior.jpg
Marcel Breuer,exterior,"Elevations - Kykuit, Marcel Breuer Exhibition House, 200 Lake Road, Pocantico Hills, Westchester County, NY HABS NY-6334-G (sheet 3 of 5)","File:Elevations - Kykuit, Marcel Breuer Exhibition House, 200 Lake Road, Pocantico Hills, Westchester County, NY HABS NY-6334-G (sheet 3 of 5).png",https://upload.wikimedia.org/wikipedia/commons/3/33/Elevations_-_Kykuit%2C_Marcel_Breuer_Exhibition_House%2C_200_Lake_Road%2C_Pocantico_Hills%2C_Westchester_County%2C_NY_HABS_NY-6334-G_%28sheet_3_of_5%29.png,"Data/Marcel_Breuer/exterior/Elevations_-_Kykuit,_Marcel_Breuer_Exhibition_House,_200_Lake_Road,_Pocantico_Hills,_Westchester_County,_NY_HABS_NY-6334-G_(sheet_3_of_5).png"
Marcel Breuer,exterior,"Cover Sheet and Site Plan - Kykuit, Marcel Breuer Exhibition House, 200 Lake Road, Pocantico Hills, Westchester County, NY HABS NY-6334-G (sheet 1 of 5)","File:Cover Sheet and Site Plan - Kykuit, Marcel Breuer Exhibition House, 200 Lake Road, Pocantico Hills, Westchester County, NY HABS NY-6334-G (sheet 1 of 5).png",https://upload.wikimedia.org/wikipedia/commons/e/e0/Cover_Sheet_and_Site_Plan_-_Kykuit%2C_Marcel_Breuer_Exhibition_House%2C_200_Lake_Road%2C_Pocantico_Hills%2C_Westchester_County%2C_NY_HABS_NY-6334-G_%28sheet_1_of_5%29.png,"Data/Marcel_Breuer/exterior/Cover_Sheet_and_Site_Plan_-_Kykuit,_Marcel_Breuer_Exhibition_House,_200_Lake_Road,_Pocantico_Hills,_Westchester_County,_NY_HABS_NY-6334-G_(sheet_1_of_5).png"
Marcel Breuer,exterior,"First and Second Floor Plan - Kykuit, Marcel Breuer Exhibition House, 200 Lake Road, Pocantico Hills, Westchester County, NY HABS NY-6334-G (sheet 2 of 5)","File:First and Second Floor Plan - Kykuit, Marcel Breuer Exhibition House, 200 Lake Road, Pocantico Hills, Westchester County, NY HABS NY-6334-G (sheet 2 of 5).png",https://upload.wikimedia.org/wikipedia/commons/3/35/First_and_Second_Floor_Plan_-_Kykuit%2C_Marcel_Breuer_Exhibition_House%2C_200_Lake_Road%2C_Pocantico_Hills%2C_Westchester_County%2C_NY_HABS_NY-6334-G_%28sheet_2_of_5%29.png,"Data/Marcel_Breuer/exterior/First_and_Second_Floor_Plan_-_Kykuit,_Marcel_Breuer_Exhibition_House,_200_Lake_Road,_Pocantico_Hills,_Westchester_County,_NY_HABS_NY-6334-G_(sheet_2_of_5).png"
Marcel Breuer,exterior,Exterior of Meister Hall,File:Exterior of Meister Hall.jpg,https://upload.wikimedia.org/wikipedia/commons/2/27/Exterior_of_Meister_Hall.jpg,Data/Marcel_Breuer/exterior/Exterior_of_Meister_Hall.jpg
Marcel Breuer,exterior,"Cleveland Trust Company Building, Euclid Avenue and East 9th Street, Cleveland, OH","File:Cleveland Trust Company Building, Euclid Avenue and East 9th Street, Cleveland, OH.jpg",https://upload.wikimedia.org/wikipedia/commons/b/bf/Cleveland_Trust_Company_Building%2C_Euclid_Avenue_and_East_9th_Street%2C_Cleveland%2C_OH.jpg,"Data/Marcel_Breuer/exterior/Cleveland_Trust_Company_Building,_Euclid_Avenue_and_East_9th_Street,_Cleveland,_OH.jpg"
Kenzo Tange,interior,Kagawa Prefecture Office East Interior,File:Kagawa Prefecture Office East Interior.JPG,https://upload.wikimedia.org/wikipedia/commons/a/ae/Kagawa_Prefecture_Office_East_Interior.JPG,Data/Kenzo_Tange/interior/Kagawa_Prefecture_Office_East_Interior.JPG
